-- phpMyAdmin SQL Dump
-- version 5.2.1
-- https://www.phpmyadmin.net/
--
-- Host: 127.0.0.1
-- Generation Time: Dec 17, 2025 at 07:35 PM
-- Server version: 10.4.32-MariaDB
-- PHP Version: 8.2.12

SET SQL_MODE = "NO_AUTO_VALUE_ON_ZERO";
START TRANSACTION;
SET time_zone = "+00:00";


/*!40101 SET @OLD_CHARACTER_SET_CLIENT=@@CHARACTER_SET_CLIENT */;
/*!40101 SET @OLD_CHARACTER_SET_RESULTS=@@CHARACTER_SET_RESULTS */;
/*!40101 SET @OLD_COLLATION_CONNECTION=@@COLLATION_CONNECTION */;
/*!40101 SET NAMES utf8mb4 */;

--
-- Database: `task`
--

-- --------------------------------------------------------

--
-- Table structure for table `boards`
--

CREATE TABLE `boards` (
  `id` bigint(20) UNSIGNED NOT NULL,
  `team_id` bigint(20) UNSIGNED NOT NULL,
  `name` varchar(255) NOT NULL,
  `pattern` varchar(255) NOT NULL,
  `image_path` varchar(255) DEFAULT NULL,
  `created_at` timestamp NULL DEFAULT NULL,
  `updated_at` timestamp NULL DEFAULT NULL
) ENGINE=InnoDB DEFAULT CHARSET=utf8mb4 COLLATE=utf8mb4_unicode_ci;

--
-- Dumping data for table `boards`
--

INSERT INTO `boards` (`id`, `team_id`, `name`, `pattern`, `image_path`, `created_at`, `updated_at`) VALUES
(11, 4, 'cdf', 'ellegant', NULL, '2025-05-26 12:53:32', '2025-05-26 12:53:32'),
(16, 2, 'r gfg dfg dfg dh', 'sha-la-la', NULL, '2025-06-02 13:30:56', '2025-06-02 13:30:56'),
(19, 11, 'board 222', 'cosmic', NULL, '2025-06-03 13:30:59', '2025-06-03 13:30:59'),
(20, 6, 'board 333sssssssssssss', 'blue', NULL, '2025-06-03 13:51:18', '2025-06-04 15:53:07'),
(22, 6, 'testing lables', 'mild', NULL, '2025-06-24 13:04:12', '2025-06-24 13:04:12'),
(58, 13, 'hello hatim', 'sunkist', NULL, '2025-07-17 16:54:56', '2025-07-17 16:54:56'),
(61, 2, 'wwwww', 'sunkist', NULL, '2025-07-18 13:09:23', '2025-07-18 13:09:23'),
(118, 3, 'aadas', 'sunkist', NULL, '2025-07-18 13:42:37', '2025-07-18 13:42:37'),
(124, 3, 'hatim', 'sunkist', NULL, '2025-07-18 14:06:28', '2025-07-18 14:06:28'),
(125, 6, 'ghfgh', 'mini', NULL, '2025-08-28 14:36:03', '2025-08-28 14:36:03'),
(126, 6, 'lkjjkk', 'ellegant', NULL, '2025-08-28 14:48:40', '2025-08-28 14:48:40');

-- --------------------------------------------------------

--
-- Table structure for table `board_labels`
--

CREATE TABLE `board_labels` (
  `id` int(11) NOT NULL,
  `board_id` int(11) NOT NULL,
  `title` varchar(255) DEFAULT NULL,
  `color` varchar(255) NOT NULL,
  `status` int(11) NOT NULL DEFAULT 1,
  `created_at` timestamp NULL DEFAULT current_timestamp(),
  `updated_at` timestamp NULL DEFAULT current_timestamp()
) ENGINE=InnoDB DEFAULT CHARSET=utf8mb4 COLLATE=utf8mb4_general_ci;

--
-- Dumping data for table `board_labels`
--

INSERT INTO `board_labels` (`id`, `board_id`, `title`, `color`, `status`, `created_at`, `updated_at`) VALUES
(1, 22, 'Label previe', '#4CD964', 0, '2025-06-24 13:04:12', '2025-07-15 09:04:28'),
(2, 22, 'Label previewsdsd', '#0079bf', 0, '2025-06-24 13:04:12', '2025-07-15 09:04:40'),
(4, 22, NULL, '#FF3B30', 1, '2025-06-24 13:04:12', '2025-06-24 13:04:12'),
(5, 22, NULL, '#AF52DE', 1, '2025-06-24 13:04:12', '2025-06-24 13:04:12'),
(7, 23, 'helloworldd', '#b04632', 0, '2025-07-11 13:07:19', '2025-07-16 14:07:16'),
(8, 23, 'abdullah', '#FFCC00', 0, '2025-07-11 13:07:19', '2025-07-16 13:07:32'),
(9, 23, 'a', '#FF9500', 1, '2025-07-11 13:07:19', '2025-07-11 16:30:39'),
(10, 23, 'aaaa', '#FF3B30', 1, '2025-07-11 13:07:19', '2025-07-11 16:30:06'),
(11, 23, NULL, '#AF52DE', 1, '2025-07-11 13:07:19', '2025-07-11 13:07:19'),
(12, 23, NULL, '#007AFF', 1, '2025-07-11 13:07:19', '2025-07-11 13:07:19'),
(13, 24, NULL, '#4CD964', 1, '2025-07-17 16:21:38', '2025-07-17 16:21:38'),
(14, 24, NULL, '#FFCC00', 1, '2025-07-17 16:21:38', '2025-07-17 16:21:38'),
(15, 24, NULL, '#FF9500', 1, '2025-07-17 16:21:38', '2025-07-17 16:21:38'),
(16, 24, NULL, '#FF3B30', 1, '2025-07-17 16:21:38', '2025-07-17 16:21:38'),
(17, 24, NULL, '#AF52DE', 1, '2025-07-17 16:21:38', '2025-07-17 16:21:38'),
(18, 24, NULL, '#007AFF', 1, '2025-07-17 16:21:38', '2025-07-17 16:21:38'),
(19, 25, NULL, '#4CD964', 1, '2025-07-17 16:21:48', '2025-07-17 16:21:48'),
(20, 25, NULL, '#FFCC00', 1, '2025-07-17 16:21:48', '2025-07-17 16:21:48'),
(21, 25, NULL, '#FF9500', 1, '2025-07-17 16:21:48', '2025-07-17 16:21:48'),
(22, 25, NULL, '#FF3B30', 1, '2025-07-17 16:21:48', '2025-07-17 16:21:48'),
(23, 25, NULL, '#AF52DE', 1, '2025-07-17 16:21:48', '2025-07-17 16:21:48'),
(24, 26, NULL, '#4CD964', 1, '2025-07-17 16:21:48', '2025-07-17 16:21:48'),
(25, 26, NULL, '#FFCC00', 1, '2025-07-17 16:21:48', '2025-07-17 16:21:48'),
(26, 25, NULL, '#007AFF', 1, '2025-07-17 16:21:48', '2025-07-17 16:21:48'),
(27, 26, NULL, '#FF9500', 1, '2025-07-17 16:21:48', '2025-07-17 16:21:48'),
(28, 26, NULL, '#FF3B30', 1, '2025-07-17 16:21:48', '2025-07-17 16:21:48'),
(29, 26, NULL, '#AF52DE', 1, '2025-07-17 16:21:48', '2025-07-17 16:21:48'),
(30, 26, NULL, '#007AFF', 1, '2025-07-17 16:21:48', '2025-07-17 16:21:48'),
(31, 27, NULL, '#4CD964', 1, '2025-07-17 16:21:59', '2025-07-17 16:21:59'),
(32, 28, NULL, '#4CD964', 1, '2025-07-17 16:21:59', '2025-07-17 16:21:59'),
(33, 28, NULL, '#FFCC00', 1, '2025-07-17 16:21:59', '2025-07-17 16:21:59'),
(34, 28, NULL, '#FF9500', 1, '2025-07-17 16:21:59', '2025-07-17 16:21:59'),
(35, 28, NULL, '#FF3B30', 1, '2025-07-17 16:21:59', '2025-07-17 16:21:59'),
(36, 28, NULL, '#AF52DE', 1, '2025-07-17 16:21:59', '2025-07-17 16:21:59'),
(37, 28, NULL, '#007AFF', 1, '2025-07-17 16:21:59', '2025-07-17 16:21:59'),
(38, 27, NULL, '#FFCC00', 1, '2025-07-17 16:21:59', '2025-07-17 16:21:59'),
(39, 27, NULL, '#FF9500', 1, '2025-07-17 16:21:59', '2025-07-17 16:21:59'),
(40, 27, NULL, '#FF3B30', 1, '2025-07-17 16:21:59', '2025-07-17 16:21:59'),
(41, 27, NULL, '#AF52DE', 1, '2025-07-17 16:21:59', '2025-07-17 16:21:59'),
(42, 27, NULL, '#007AFF', 1, '2025-07-17 16:21:59', '2025-07-17 16:21:59'),
(43, 29, NULL, '#4CD964', 1, '2025-07-17 16:21:59', '2025-07-17 16:21:59'),
(44, 29, NULL, '#FFCC00', 1, '2025-07-17 16:21:59', '2025-07-17 16:21:59'),
(45, 29, NULL, '#FF9500', 1, '2025-07-17 16:21:59', '2025-07-17 16:21:59'),
(46, 29, NULL, '#FF3B30', 1, '2025-07-17 16:21:59', '2025-07-17 16:21:59'),
(47, 29, NULL, '#AF52DE', 1, '2025-07-17 16:21:59', '2025-07-17 16:21:59'),
(48, 29, NULL, '#007AFF', 1, '2025-07-17 16:21:59', '2025-07-17 16:21:59'),
(49, 30, NULL, '#4CD964', 1, '2025-07-17 16:22:01', '2025-07-17 16:22:01'),
(50, 30, NULL, '#FFCC00', 1, '2025-07-17 16:22:01', '2025-07-17 16:22:01'),
(51, 30, NULL, '#FF9500', 1, '2025-07-17 16:22:01', '2025-07-17 16:22:01'),
(52, 30, NULL, '#FF3B30', 1, '2025-07-17 16:22:01', '2025-07-17 16:22:01'),
(53, 30, NULL, '#AF52DE', 1, '2025-07-17 16:22:01', '2025-07-17 16:22:01'),
(54, 30, NULL, '#007AFF', 1, '2025-07-17 16:22:01', '2025-07-17 16:22:01'),
(55, 31, NULL, '#4CD964', 1, '2025-07-17 16:22:01', '2025-07-17 16:22:01'),
(56, 31, NULL, '#FFCC00', 1, '2025-07-17 16:22:01', '2025-07-17 16:22:01'),
(57, 31, NULL, '#FF9500', 1, '2025-07-17 16:22:01', '2025-07-17 16:22:01'),
(58, 31, NULL, '#FF3B30', 1, '2025-07-17 16:22:01', '2025-07-17 16:22:01'),
(59, 31, NULL, '#AF52DE', 1, '2025-07-17 16:22:01', '2025-07-17 16:22:01'),
(60, 31, NULL, '#007AFF', 1, '2025-07-17 16:22:01', '2025-07-17 16:22:01'),
(61, 32, NULL, '#4CD964', 1, '2025-07-17 16:22:01', '2025-07-17 16:22:01'),
(62, 32, NULL, '#FFCC00', 1, '2025-07-17 16:22:01', '2025-07-17 16:22:01'),
(63, 32, NULL, '#FF9500', 1, '2025-07-17 16:22:01', '2025-07-17 16:22:01'),
(64, 32, NULL, '#FF3B30', 1, '2025-07-17 16:22:01', '2025-07-17 16:22:01'),
(65, 32, NULL, '#AF52DE', 1, '2025-07-17 16:22:01', '2025-07-17 16:22:01'),
(66, 32, NULL, '#007AFF', 1, '2025-07-17 16:22:01', '2025-07-17 16:22:01'),
(67, 33, NULL, '#4CD964', 1, '2025-07-17 16:22:01', '2025-07-17 16:22:01'),
(68, 33, NULL, '#FFCC00', 1, '2025-07-17 16:22:01', '2025-07-17 16:22:01'),
(69, 33, NULL, '#FF9500', 1, '2025-07-17 16:22:01', '2025-07-17 16:22:01'),
(70, 33, NULL, '#FF3B30', 1, '2025-07-17 16:22:01', '2025-07-17 16:22:01'),
(71, 33, NULL, '#AF52DE', 1, '2025-07-17 16:22:01', '2025-07-17 16:22:01'),
(72, 33, NULL, '#007AFF', 1, '2025-07-17 16:22:01', '2025-07-17 16:22:01'),
(73, 34, NULL, '#4CD964', 1, '2025-07-17 16:22:01', '2025-07-17 16:22:01'),
(74, 34, NULL, '#FFCC00', 1, '2025-07-17 16:22:01', '2025-07-17 16:22:01'),
(75, 34, NULL, '#FF9500', 1, '2025-07-17 16:22:01', '2025-07-17 16:22:01'),
(76, 35, NULL, '#4CD964', 1, '2025-07-17 16:22:02', '2025-07-17 16:22:02'),
(77, 35, NULL, '#FFCC00', 1, '2025-07-17 16:22:02', '2025-07-17 16:22:02'),
(78, 35, NULL, '#FF9500', 1, '2025-07-17 16:22:02', '2025-07-17 16:22:02'),
(79, 35, NULL, '#FF3B30', 1, '2025-07-17 16:22:02', '2025-07-17 16:22:02'),
(80, 35, NULL, '#AF52DE', 1, '2025-07-17 16:22:02', '2025-07-17 16:22:02'),
(81, 35, NULL, '#007AFF', 1, '2025-07-17 16:22:02', '2025-07-17 16:22:02'),
(82, 34, NULL, '#FF3B30', 1, '2025-07-17 16:22:01', '2025-07-17 16:22:01'),
(83, 34, NULL, '#AF52DE', 1, '2025-07-17 16:22:02', '2025-07-17 16:22:02'),
(84, 34, NULL, '#007AFF', 1, '2025-07-17 16:22:02', '2025-07-17 16:22:02'),
(85, 36, NULL, '#4CD964', 1, '2025-07-17 16:22:02', '2025-07-17 16:22:02'),
(86, 36, NULL, '#FFCC00', 1, '2025-07-17 16:22:02', '2025-07-17 16:22:02'),
(87, 36, NULL, '#FF9500', 1, '2025-07-17 16:22:02', '2025-07-17 16:22:02'),
(88, 36, NULL, '#FF3B30', 1, '2025-07-17 16:22:02', '2025-07-17 16:22:02'),
(89, 36, NULL, '#AF52DE', 1, '2025-07-17 16:22:02', '2025-07-17 16:22:02'),
(90, 36, NULL, '#007AFF', 1, '2025-07-17 16:22:02', '2025-07-17 16:22:02'),
(91, 37, NULL, '#4CD964', 1, '2025-07-17 16:22:02', '2025-07-17 16:22:02'),
(92, 37, NULL, '#FFCC00', 1, '2025-07-17 16:22:02', '2025-07-17 16:22:02'),
(93, 37, NULL, '#FF9500', 1, '2025-07-17 16:22:02', '2025-07-17 16:22:02'),
(94, 37, NULL, '#FF3B30', 1, '2025-07-17 16:22:02', '2025-07-17 16:22:02'),
(95, 37, NULL, '#AF52DE', 1, '2025-07-17 16:22:02', '2025-07-17 16:22:02'),
(96, 37, NULL, '#007AFF', 1, '2025-07-17 16:22:02', '2025-07-17 16:22:02'),
(97, 38, NULL, '#4CD964', 1, '2025-07-17 16:22:02', '2025-07-17 16:22:02'),
(98, 38, NULL, '#FFCC00', 1, '2025-07-17 16:22:02', '2025-07-17 16:22:02'),
(99, 38, NULL, '#FF9500', 1, '2025-07-17 16:22:02', '2025-07-17 16:22:02'),
(100, 38, NULL, '#FF3B30', 1, '2025-07-17 16:22:02', '2025-07-17 16:22:02'),
(101, 38, NULL, '#AF52DE', 1, '2025-07-17 16:22:02', '2025-07-17 16:22:02'),
(102, 38, NULL, '#007AFF', 1, '2025-07-17 16:22:02', '2025-07-17 16:22:02'),
(103, 39, NULL, '#4CD964', 1, '2025-07-17 16:22:02', '2025-07-17 16:22:02'),
(104, 39, NULL, '#FFCC00', 1, '2025-07-17 16:22:02', '2025-07-17 16:22:02'),
(105, 39, NULL, '#FF9500', 1, '2025-07-17 16:22:02', '2025-07-17 16:22:02'),
(106, 39, NULL, '#FF3B30', 1, '2025-07-17 16:22:02', '2025-07-17 16:22:02'),
(107, 39, NULL, '#AF52DE', 1, '2025-07-17 16:22:02', '2025-07-17 16:22:02'),
(108, 39, NULL, '#007AFF', 1, '2025-07-17 16:22:02', '2025-07-17 16:22:02'),
(109, 40, NULL, '#4CD964', 1, '2025-07-17 16:22:02', '2025-07-17 16:22:02'),
(110, 40, NULL, '#FFCC00', 1, '2025-07-17 16:22:02', '2025-07-17 16:22:02'),
(111, 40, NULL, '#FF9500', 1, '2025-07-17 16:22:02', '2025-07-17 16:22:02'),
(112, 40, NULL, '#FF3B30', 1, '2025-07-17 16:22:02', '2025-07-17 16:22:02'),
(113, 40, NULL, '#AF52DE', 1, '2025-07-17 16:22:02', '2025-07-17 16:22:02'),
(114, 40, NULL, '#007AFF', 1, '2025-07-17 16:22:02', '2025-07-17 16:22:02'),
(115, 41, NULL, '#4CD964', 1, '2025-07-17 16:22:32', '2025-07-17 16:22:32'),
(116, 41, NULL, '#FFCC00', 1, '2025-07-17 16:22:32', '2025-07-17 16:22:32'),
(117, 41, NULL, '#FF9500', 1, '2025-07-17 16:22:32', '2025-07-17 16:22:32'),
(118, 41, NULL, '#FF3B30', 1, '2025-07-17 16:22:32', '2025-07-17 16:22:32'),
(119, 41, NULL, '#AF52DE', 1, '2025-07-17 16:22:32', '2025-07-17 16:22:32'),
(120, 41, NULL, '#007AFF', 1, '2025-07-17 16:22:32', '2025-07-17 16:22:32'),
(121, 42, NULL, '#4CD964', 1, '2025-07-17 16:22:47', '2025-07-17 16:22:47'),
(122, 42, NULL, '#FFCC00', 1, '2025-07-17 16:22:47', '2025-07-17 16:22:47'),
(123, 42, NULL, '#FF9500', 1, '2025-07-17 16:22:47', '2025-07-17 16:22:47'),
(124, 42, NULL, '#FF3B30', 1, '2025-07-17 16:22:47', '2025-07-17 16:22:47'),
(125, 42, NULL, '#AF52DE', 1, '2025-07-17 16:22:47', '2025-07-17 16:22:47'),
(126, 42, NULL, '#007AFF', 1, '2025-07-17 16:22:47', '2025-07-17 16:22:47'),
(127, 43, NULL, '#4CD964', 1, '2025-07-17 16:23:02', '2025-07-17 16:23:02'),
(128, 43, NULL, '#FFCC00', 1, '2025-07-17 16:23:02', '2025-07-17 16:23:02'),
(129, 43, NULL, '#FF9500', 1, '2025-07-17 16:23:02', '2025-07-17 16:23:02'),
(130, 43, NULL, '#FF3B30', 1, '2025-07-17 16:23:02', '2025-07-17 16:23:02'),
(131, 43, NULL, '#AF52DE', 1, '2025-07-17 16:23:02', '2025-07-17 16:23:02'),
(132, 43, NULL, '#007AFF', 1, '2025-07-17 16:23:02', '2025-07-17 16:23:02'),
(133, 44, NULL, '#4CD964', 1, '2025-07-17 16:23:13', '2025-07-17 16:23:13'),
(134, 44, NULL, '#FFCC00', 1, '2025-07-17 16:23:13', '2025-07-17 16:23:13'),
(135, 44, NULL, '#FF9500', 1, '2025-07-17 16:23:13', '2025-07-17 16:23:13'),
(136, 44, NULL, '#FF3B30', 1, '2025-07-17 16:23:13', '2025-07-17 16:23:13'),
(137, 44, NULL, '#AF52DE', 1, '2025-07-17 16:23:13', '2025-07-17 16:23:13'),
(138, 44, NULL, '#007AFF', 1, '2025-07-17 16:23:13', '2025-07-17 16:23:13'),
(139, 45, NULL, '#4CD964', 1, '2025-07-17 16:23:13', '2025-07-17 16:23:13'),
(140, 45, NULL, '#FFCC00', 1, '2025-07-17 16:23:13', '2025-07-17 16:23:13'),
(141, 45, NULL, '#FF9500', 1, '2025-07-17 16:23:13', '2025-07-17 16:23:13'),
(142, 45, NULL, '#FF3B30', 1, '2025-07-17 16:23:13', '2025-07-17 16:23:13'),
(143, 45, NULL, '#AF52DE', 1, '2025-07-17 16:23:14', '2025-07-17 16:23:14'),
(144, 45, NULL, '#007AFF', 1, '2025-07-17 16:23:14', '2025-07-17 16:23:14'),
(145, 46, NULL, '#4CD964', 1, '2025-07-17 16:23:14', '2025-07-17 16:23:14'),
(146, 46, NULL, '#FFCC00', 1, '2025-07-17 16:23:14', '2025-07-17 16:23:14'),
(147, 46, NULL, '#FF9500', 1, '2025-07-17 16:23:14', '2025-07-17 16:23:14'),
(148, 46, NULL, '#FF3B30', 1, '2025-07-17 16:23:14', '2025-07-17 16:23:14'),
(149, 46, NULL, '#AF52DE', 1, '2025-07-17 16:23:14', '2025-07-17 16:23:14'),
(150, 46, NULL, '#007AFF', 1, '2025-07-17 16:23:14', '2025-07-17 16:23:14'),
(151, 47, NULL, '#4CD964', 1, '2025-07-17 16:23:14', '2025-07-17 16:23:14'),
(152, 47, NULL, '#FFCC00', 1, '2025-07-17 16:23:14', '2025-07-17 16:23:14'),
(153, 47, NULL, '#FF9500', 1, '2025-07-17 16:23:14', '2025-07-17 16:23:14'),
(154, 47, NULL, '#FF3B30', 1, '2025-07-17 16:23:14', '2025-07-17 16:23:14'),
(155, 47, NULL, '#AF52DE', 1, '2025-07-17 16:23:14', '2025-07-17 16:23:14'),
(156, 47, NULL, '#007AFF', 1, '2025-07-17 16:23:14', '2025-07-17 16:23:14'),
(157, 48, NULL, '#4CD964', 1, '2025-07-17 16:23:14', '2025-07-17 16:23:14'),
(158, 48, NULL, '#FFCC00', 1, '2025-07-17 16:23:14', '2025-07-17 16:23:14'),
(159, 48, NULL, '#FF9500', 1, '2025-07-17 16:23:14', '2025-07-17 16:23:14'),
(160, 48, NULL, '#FF3B30', 1, '2025-07-17 16:23:14', '2025-07-17 16:23:14'),
(161, 48, NULL, '#AF52DE', 1, '2025-07-17 16:23:14', '2025-07-17 16:23:14'),
(162, 48, NULL, '#007AFF', 1, '2025-07-17 16:23:14', '2025-07-17 16:23:14'),
(163, 49, NULL, '#4CD964', 1, '2025-07-17 16:23:14', '2025-07-17 16:23:14'),
(164, 49, NULL, '#FFCC00', 1, '2025-07-17 16:23:14', '2025-07-17 16:23:14'),
(165, 49, NULL, '#FF9500', 1, '2025-07-17 16:23:14', '2025-07-17 16:23:14'),
(166, 49, NULL, '#FF3B30', 1, '2025-07-17 16:23:14', '2025-07-17 16:23:14'),
(167, 49, NULL, '#AF52DE', 1, '2025-07-17 16:23:14', '2025-07-17 16:23:14'),
(168, 49, NULL, '#007AFF', 1, '2025-07-17 16:23:14', '2025-07-17 16:23:14'),
(169, 50, NULL, '#4CD964', 1, '2025-07-17 16:23:15', '2025-07-17 16:23:15'),
(170, 50, NULL, '#FFCC00', 1, '2025-07-17 16:23:15', '2025-07-17 16:23:15'),
(171, 50, NULL, '#FF9500', 1, '2025-07-17 16:23:15', '2025-07-17 16:23:15'),
(172, 50, NULL, '#FF3B30', 1, '2025-07-17 16:23:15', '2025-07-17 16:23:15'),
(173, 50, NULL, '#AF52DE', 1, '2025-07-17 16:23:15', '2025-07-17 16:23:15'),
(174, 50, NULL, '#007AFF', 1, '2025-07-17 16:23:15', '2025-07-17 16:23:15'),
(175, 51, NULL, '#4CD964', 1, '2025-07-17 16:23:16', '2025-07-17 16:23:16'),
(176, 51, NULL, '#FFCC00', 1, '2025-07-17 16:23:16', '2025-07-17 16:23:16'),
(177, 51, NULL, '#FF9500', 1, '2025-07-17 16:23:16', '2025-07-17 16:23:16'),
(178, 51, NULL, '#FF3B30', 1, '2025-07-17 16:23:16', '2025-07-17 16:23:16'),
(179, 51, NULL, '#AF52DE', 1, '2025-07-17 16:23:16', '2025-07-17 16:23:16'),
(180, 51, NULL, '#007AFF', 1, '2025-07-17 16:23:16', '2025-07-17 16:23:16'),
(181, 52, NULL, '#4CD964', 1, '2025-07-17 16:23:16', '2025-07-17 16:23:16'),
(182, 52, NULL, '#FFCC00', 1, '2025-07-17 16:23:16', '2025-07-17 16:23:16'),
(183, 52, NULL, '#FF9500', 1, '2025-07-17 16:23:16', '2025-07-17 16:23:16'),
(184, 52, NULL, '#FF3B30', 1, '2025-07-17 16:23:16', '2025-07-17 16:23:16'),
(185, 52, NULL, '#AF52DE', 1, '2025-07-17 16:23:16', '2025-07-17 16:23:16'),
(186, 52, NULL, '#007AFF', 1, '2025-07-17 16:23:16', '2025-07-17 16:23:16'),
(187, 53, NULL, '#4CD964', 1, '2025-07-17 16:23:16', '2025-07-17 16:23:16'),
(188, 53, NULL, '#FFCC00', 1, '2025-07-17 16:23:16', '2025-07-17 16:23:16'),
(189, 53, NULL, '#FF9500', 1, '2025-07-17 16:23:16', '2025-07-17 16:23:16'),
(190, 53, NULL, '#FF3B30', 1, '2025-07-17 16:23:16', '2025-07-17 16:23:16'),
(191, 53, NULL, '#AF52DE', 1, '2025-07-17 16:23:16', '2025-07-17 16:23:16'),
(192, 53, NULL, '#007AFF', 1, '2025-07-17 16:23:16', '2025-07-17 16:23:16'),
(193, 54, NULL, '#4CD964', 1, '2025-07-17 16:23:16', '2025-07-17 16:23:16'),
(194, 54, NULL, '#FFCC00', 1, '2025-07-17 16:23:16', '2025-07-17 16:23:16'),
(195, 54, NULL, '#FF9500', 1, '2025-07-17 16:23:16', '2025-07-17 16:23:16'),
(196, 54, NULL, '#FF3B30', 1, '2025-07-17 16:23:16', '2025-07-17 16:23:16'),
(197, 54, NULL, '#AF52DE', 1, '2025-07-17 16:23:16', '2025-07-17 16:23:16'),
(198, 54, NULL, '#007AFF', 1, '2025-07-17 16:23:16', '2025-07-17 16:23:16'),
(199, 55, NULL, '#4CD964', 1, '2025-07-17 16:23:17', '2025-07-17 16:23:17'),
(200, 55, NULL, '#FFCC00', 1, '2025-07-17 16:23:17', '2025-07-17 16:23:17'),
(201, 55, NULL, '#FF9500', 1, '2025-07-17 16:23:17', '2025-07-17 16:23:17'),
(202, 55, NULL, '#FF3B30', 1, '2025-07-17 16:23:17', '2025-07-17 16:23:17'),
(203, 55, NULL, '#AF52DE', 1, '2025-07-17 16:23:17', '2025-07-17 16:23:17'),
(204, 55, NULL, '#007AFF', 1, '2025-07-17 16:23:17', '2025-07-17 16:23:17'),
(205, 56, NULL, '#4CD964', 1, '2025-07-17 16:23:17', '2025-07-17 16:23:17'),
(206, 56, NULL, '#FFCC00', 1, '2025-07-17 16:23:17', '2025-07-17 16:23:17'),
(207, 56, NULL, '#FF9500', 1, '2025-07-17 16:23:17', '2025-07-17 16:23:17'),
(208, 56, NULL, '#FF3B30', 1, '2025-07-17 16:23:17', '2025-07-17 16:23:17'),
(209, 56, NULL, '#AF52DE', 1, '2025-07-17 16:23:17', '2025-07-17 16:23:17'),
(210, 56, NULL, '#007AFF', 1, '2025-07-17 16:23:17', '2025-07-17 16:23:17'),
(211, 57, NULL, '#4CD964', 1, '2025-07-17 16:23:17', '2025-07-17 16:23:17'),
(212, 57, NULL, '#FFCC00', 1, '2025-07-17 16:23:17', '2025-07-17 16:23:17'),
(213, 57, NULL, '#FF9500', 1, '2025-07-17 16:23:17', '2025-07-17 16:23:17'),
(214, 57, NULL, '#FF3B30', 1, '2025-07-17 16:23:17', '2025-07-17 16:23:17'),
(215, 57, NULL, '#AF52DE', 1, '2025-07-17 16:23:17', '2025-07-17 16:23:17'),
(216, 57, NULL, '#007AFF', 1, '2025-07-17 16:23:17', '2025-07-17 16:23:17'),
(217, 58, NULL, '#4CD964', 1, '2025-07-17 16:54:56', '2025-07-17 16:54:56'),
(218, 58, NULL, '#FFCC00', 1, '2025-07-17 16:54:56', '2025-07-17 16:54:56'),
(219, 58, NULL, '#FF9500', 1, '2025-07-17 16:54:56', '2025-07-17 16:54:56'),
(220, 58, NULL, '#FF3B30', 1, '2025-07-17 16:54:56', '2025-07-17 16:54:56'),
(221, 58, NULL, '#AF52DE', 1, '2025-07-17 16:54:56', '2025-07-17 16:54:56'),
(222, 58, NULL, '#007AFF', 1, '2025-07-17 16:54:56', '2025-07-17 16:54:56'),
(223, 59, NULL, '#4CD964', 1, '2025-07-18 08:21:45', '2025-07-18 08:21:45'),
(224, 59, NULL, '#FFCC00', 1, '2025-07-18 08:21:45', '2025-07-18 08:21:45'),
(225, 59, NULL, '#FF9500', 1, '2025-07-18 08:21:45', '2025-07-18 08:21:45'),
(226, 59, NULL, '#FF3B30', 1, '2025-07-18 08:21:45', '2025-07-18 08:21:45'),
(227, 59, NULL, '#AF52DE', 1, '2025-07-18 08:21:45', '2025-07-18 08:21:45'),
(228, 59, NULL, '#007AFF', 1, '2025-07-18 08:21:45', '2025-07-18 08:21:45'),
(229, 60, NULL, '#4CD964', 1, '2025-07-18 08:25:11', '2025-07-18 08:25:11'),
(230, 60, NULL, '#FFCC00', 1, '2025-07-18 08:25:11', '2025-07-18 08:25:11'),
(231, 60, NULL, '#FF9500', 1, '2025-07-18 08:25:11', '2025-07-18 08:25:11'),
(232, 60, NULL, '#FF3B30', 1, '2025-07-18 08:25:11', '2025-07-18 08:25:11'),
(233, 60, NULL, '#AF52DE', 1, '2025-07-18 08:25:11', '2025-07-18 08:25:11'),
(234, 60, NULL, '#007AFF', 1, '2025-07-18 08:25:11', '2025-07-18 08:25:11'),
(235, 61, NULL, '#4CD964', 1, '2025-07-18 13:09:23', '2025-07-18 13:09:23'),
(236, 61, NULL, '#FFCC00', 1, '2025-07-18 13:09:23', '2025-07-18 13:09:23'),
(237, 61, NULL, '#FF9500', 1, '2025-07-18 13:09:23', '2025-07-18 13:09:23'),
(238, 61, NULL, '#FF3B30', 1, '2025-07-18 13:09:23', '2025-07-18 13:09:23'),
(239, 61, NULL, '#AF52DE', 1, '2025-07-18 13:09:23', '2025-07-18 13:09:23'),
(240, 61, NULL, '#007AFF', 1, '2025-07-18 13:09:23', '2025-07-18 13:09:23'),
(241, 62, NULL, '#4CD964', 1, '2025-07-18 13:18:47', '2025-07-18 13:18:47'),
(242, 62, NULL, '#FFCC00', 1, '2025-07-18 13:18:47', '2025-07-18 13:18:47'),
(243, 62, NULL, '#FF9500', 1, '2025-07-18 13:18:47', '2025-07-18 13:18:47'),
(244, 62, NULL, '#FF3B30', 1, '2025-07-18 13:18:47', '2025-07-18 13:18:47'),
(245, 62, NULL, '#AF52DE', 1, '2025-07-18 13:18:47', '2025-07-18 13:18:47'),
(246, 62, NULL, '#007AFF', 1, '2025-07-18 13:18:47', '2025-07-18 13:18:47'),
(247, 63, NULL, '#4CD964', 1, '2025-07-18 13:19:23', '2025-07-18 13:19:23'),
(248, 63, NULL, '#FFCC00', 1, '2025-07-18 13:19:23', '2025-07-18 13:19:23'),
(249, 63, NULL, '#FF9500', 1, '2025-07-18 13:19:23', '2025-07-18 13:19:23'),
(250, 63, NULL, '#FF3B30', 1, '2025-07-18 13:19:23', '2025-07-18 13:19:23'),
(251, 63, NULL, '#AF52DE', 1, '2025-07-18 13:19:23', '2025-07-18 13:19:23'),
(252, 63, NULL, '#007AFF', 1, '2025-07-18 13:19:23', '2025-07-18 13:19:23'),
(253, 64, NULL, '#4CD964', 1, '2025-07-18 13:20:12', '2025-07-18 13:20:12'),
(254, 64, NULL, '#FFCC00', 1, '2025-07-18 13:20:12', '2025-07-18 13:20:12'),
(255, 64, NULL, '#FF9500', 1, '2025-07-18 13:20:12', '2025-07-18 13:20:12'),
(256, 64, NULL, '#FF3B30', 1, '2025-07-18 13:20:12', '2025-07-18 13:20:12'),
(257, 64, NULL, '#AF52DE', 1, '2025-07-18 13:20:12', '2025-07-18 13:20:12'),
(258, 64, NULL, '#007AFF', 1, '2025-07-18 13:20:12', '2025-07-18 13:20:12'),
(259, 65, NULL, '#4CD964', 1, '2025-07-18 13:20:25', '2025-07-18 13:20:25'),
(260, 65, NULL, '#FFCC00', 1, '2025-07-18 13:20:25', '2025-07-18 13:20:25'),
(261, 65, NULL, '#FF9500', 1, '2025-07-18 13:20:25', '2025-07-18 13:20:25'),
(262, 65, NULL, '#FF3B30', 1, '2025-07-18 13:20:25', '2025-07-18 13:20:25'),
(263, 65, NULL, '#AF52DE', 1, '2025-07-18 13:20:25', '2025-07-18 13:20:25'),
(264, 65, NULL, '#007AFF', 1, '2025-07-18 13:20:25', '2025-07-18 13:20:25'),
(265, 66, NULL, '#4CD964', 1, '2025-07-18 13:21:10', '2025-07-18 13:21:10'),
(266, 66, NULL, '#FFCC00', 1, '2025-07-18 13:21:10', '2025-07-18 13:21:10'),
(267, 66, NULL, '#FF9500', 1, '2025-07-18 13:21:10', '2025-07-18 13:21:10'),
(268, 66, NULL, '#FF3B30', 1, '2025-07-18 13:21:10', '2025-07-18 13:21:10'),
(269, 66, NULL, '#AF52DE', 1, '2025-07-18 13:21:10', '2025-07-18 13:21:10'),
(270, 66, NULL, '#007AFF', 1, '2025-07-18 13:21:10', '2025-07-18 13:21:10'),
(271, 67, NULL, '#4CD964', 1, '2025-07-18 13:21:22', '2025-07-18 13:21:22'),
(272, 67, NULL, '#FFCC00', 1, '2025-07-18 13:21:22', '2025-07-18 13:21:22'),
(273, 67, NULL, '#FF9500', 1, '2025-07-18 13:21:22', '2025-07-18 13:21:22'),
(274, 67, NULL, '#FF3B30', 1, '2025-07-18 13:21:22', '2025-07-18 13:21:22'),
(275, 67, NULL, '#AF52DE', 1, '2025-07-18 13:21:22', '2025-07-18 13:21:22'),
(276, 67, NULL, '#007AFF', 1, '2025-07-18 13:21:22', '2025-07-18 13:21:22'),
(277, 68, NULL, '#4CD964', 1, '2025-07-18 13:21:23', '2025-07-18 13:21:23'),
(278, 68, NULL, '#FFCC00', 1, '2025-07-18 13:21:23', '2025-07-18 13:21:23'),
(279, 68, NULL, '#FF9500', 1, '2025-07-18 13:21:23', '2025-07-18 13:21:23'),
(280, 68, NULL, '#FF3B30', 1, '2025-07-18 13:21:23', '2025-07-18 13:21:23'),
(281, 68, NULL, '#AF52DE', 1, '2025-07-18 13:21:23', '2025-07-18 13:21:23'),
(282, 68, NULL, '#007AFF', 1, '2025-07-18 13:21:23', '2025-07-18 13:21:23'),
(283, 69, NULL, '#4CD964', 1, '2025-07-18 13:21:24', '2025-07-18 13:21:24'),
(284, 69, NULL, '#FFCC00', 1, '2025-07-18 13:21:24', '2025-07-18 13:21:24'),
(285, 69, NULL, '#FF9500', 1, '2025-07-18 13:21:24', '2025-07-18 13:21:24'),
(286, 69, NULL, '#FF3B30', 1, '2025-07-18 13:21:24', '2025-07-18 13:21:24'),
(287, 69, NULL, '#AF52DE', 1, '2025-07-18 13:21:24', '2025-07-18 13:21:24'),
(288, 69, NULL, '#007AFF', 1, '2025-07-18 13:21:24', '2025-07-18 13:21:24'),
(289, 70, NULL, '#4CD964', 1, '2025-07-18 13:21:24', '2025-07-18 13:21:24'),
(290, 70, NULL, '#FFCC00', 1, '2025-07-18 13:21:24', '2025-07-18 13:21:24'),
(291, 70, NULL, '#FF9500', 1, '2025-07-18 13:21:24', '2025-07-18 13:21:24'),
(292, 70, NULL, '#FF3B30', 1, '2025-07-18 13:21:24', '2025-07-18 13:21:24'),
(293, 70, NULL, '#AF52DE', 1, '2025-07-18 13:21:24', '2025-07-18 13:21:24'),
(294, 70, NULL, '#007AFF', 1, '2025-07-18 13:21:24', '2025-07-18 13:21:24'),
(295, 71, NULL, '#4CD964', 1, '2025-07-18 13:21:25', '2025-07-18 13:21:25'),
(296, 71, NULL, '#FFCC00', 1, '2025-07-18 13:21:25', '2025-07-18 13:21:25'),
(297, 71, NULL, '#FF9500', 1, '2025-07-18 13:21:25', '2025-07-18 13:21:25'),
(298, 71, NULL, '#FF3B30', 1, '2025-07-18 13:21:25', '2025-07-18 13:21:25'),
(299, 71, NULL, '#AF52DE', 1, '2025-07-18 13:21:25', '2025-07-18 13:21:25'),
(300, 71, NULL, '#007AFF', 1, '2025-07-18 13:21:25', '2025-07-18 13:21:25'),
(301, 72, NULL, '#4CD964', 1, '2025-07-18 13:21:25', '2025-07-18 13:21:25'),
(302, 72, NULL, '#FFCC00', 1, '2025-07-18 13:21:25', '2025-07-18 13:21:25'),
(303, 72, NULL, '#FF9500', 1, '2025-07-18 13:21:25', '2025-07-18 13:21:25'),
(304, 72, NULL, '#FF3B30', 1, '2025-07-18 13:21:25', '2025-07-18 13:21:25'),
(305, 72, NULL, '#AF52DE', 1, '2025-07-18 13:21:25', '2025-07-18 13:21:25'),
(306, 72, NULL, '#007AFF', 1, '2025-07-18 13:21:25', '2025-07-18 13:21:25'),
(307, 73, NULL, '#4CD964', 1, '2025-07-18 13:21:25', '2025-07-18 13:21:25'),
(308, 73, NULL, '#FFCC00', 1, '2025-07-18 13:21:25', '2025-07-18 13:21:25'),
(309, 73, NULL, '#FF9500', 1, '2025-07-18 13:21:25', '2025-07-18 13:21:25'),
(310, 73, NULL, '#FF3B30', 1, '2025-07-18 13:21:25', '2025-07-18 13:21:25'),
(311, 73, NULL, '#AF52DE', 1, '2025-07-18 13:21:25', '2025-07-18 13:21:25'),
(312, 73, NULL, '#007AFF', 1, '2025-07-18 13:21:25', '2025-07-18 13:21:25'),
(313, 74, NULL, '#4CD964', 1, '2025-07-18 13:21:25', '2025-07-18 13:21:25'),
(314, 74, NULL, '#FFCC00', 1, '2025-07-18 13:21:25', '2025-07-18 13:21:25'),
(315, 74, NULL, '#FF9500', 1, '2025-07-18 13:21:25', '2025-07-18 13:21:25'),
(316, 74, NULL, '#FF3B30', 1, '2025-07-18 13:21:25', '2025-07-18 13:21:25'),
(317, 74, NULL, '#AF52DE', 1, '2025-07-18 13:21:25', '2025-07-18 13:21:25'),
(318, 74, NULL, '#007AFF', 1, '2025-07-18 13:21:25', '2025-07-18 13:21:25'),
(319, 75, NULL, '#4CD964', 1, '2025-07-18 13:21:26', '2025-07-18 13:21:26'),
(320, 75, NULL, '#FFCC00', 1, '2025-07-18 13:21:26', '2025-07-18 13:21:26'),
(321, 75, NULL, '#FF9500', 1, '2025-07-18 13:21:26', '2025-07-18 13:21:26'),
(322, 75, NULL, '#FF3B30', 1, '2025-07-18 13:21:26', '2025-07-18 13:21:26'),
(323, 75, NULL, '#AF52DE', 1, '2025-07-18 13:21:26', '2025-07-18 13:21:26'),
(324, 75, NULL, '#007AFF', 1, '2025-07-18 13:21:26', '2025-07-18 13:21:26'),
(325, 76, NULL, '#4CD964', 1, '2025-07-18 13:21:26', '2025-07-18 13:21:26'),
(326, 76, NULL, '#FFCC00', 1, '2025-07-18 13:21:26', '2025-07-18 13:21:26'),
(327, 76, NULL, '#FF9500', 1, '2025-07-18 13:21:26', '2025-07-18 13:21:26'),
(328, 76, NULL, '#FF3B30', 1, '2025-07-18 13:21:26', '2025-07-18 13:21:26'),
(329, 76, NULL, '#AF52DE', 1, '2025-07-18 13:21:26', '2025-07-18 13:21:26'),
(330, 76, NULL, '#007AFF', 1, '2025-07-18 13:21:26', '2025-07-18 13:21:26'),
(331, 77, NULL, '#4CD964', 1, '2025-07-18 13:21:27', '2025-07-18 13:21:27'),
(332, 77, NULL, '#FFCC00', 1, '2025-07-18 13:21:27', '2025-07-18 13:21:27'),
(333, 77, NULL, '#FF9500', 1, '2025-07-18 13:21:27', '2025-07-18 13:21:27'),
(334, 77, NULL, '#FF3B30', 1, '2025-07-18 13:21:27', '2025-07-18 13:21:27'),
(335, 77, NULL, '#AF52DE', 1, '2025-07-18 13:21:27', '2025-07-18 13:21:27'),
(336, 77, NULL, '#007AFF', 1, '2025-07-18 13:21:27', '2025-07-18 13:21:27'),
(337, 78, NULL, '#4CD964', 1, '2025-07-18 13:21:27', '2025-07-18 13:21:27'),
(338, 78, NULL, '#FFCC00', 1, '2025-07-18 13:21:27', '2025-07-18 13:21:27'),
(339, 78, NULL, '#FF9500', 1, '2025-07-18 13:21:27', '2025-07-18 13:21:27'),
(340, 78, NULL, '#FF3B30', 1, '2025-07-18 13:21:27', '2025-07-18 13:21:27'),
(341, 78, NULL, '#AF52DE', 1, '2025-07-18 13:21:27', '2025-07-18 13:21:27'),
(342, 78, NULL, '#007AFF', 1, '2025-07-18 13:21:27', '2025-07-18 13:21:27'),
(343, 79, NULL, '#4CD964', 1, '2025-07-18 13:21:28', '2025-07-18 13:21:28'),
(344, 79, NULL, '#FFCC00', 1, '2025-07-18 13:21:28', '2025-07-18 13:21:28'),
(345, 79, NULL, '#FF9500', 1, '2025-07-18 13:21:28', '2025-07-18 13:21:28'),
(346, 79, NULL, '#FF3B30', 1, '2025-07-18 13:21:28', '2025-07-18 13:21:28'),
(347, 79, NULL, '#AF52DE', 1, '2025-07-18 13:21:28', '2025-07-18 13:21:28'),
(348, 79, NULL, '#007AFF', 1, '2025-07-18 13:21:28', '2025-07-18 13:21:28'),
(349, 80, NULL, '#4CD964', 1, '2025-07-18 13:21:28', '2025-07-18 13:21:28'),
(350, 80, NULL, '#FFCC00', 1, '2025-07-18 13:21:28', '2025-07-18 13:21:28'),
(351, 80, NULL, '#FF9500', 1, '2025-07-18 13:21:28', '2025-07-18 13:21:28'),
(352, 80, NULL, '#FF3B30', 1, '2025-07-18 13:21:28', '2025-07-18 13:21:28'),
(353, 80, NULL, '#AF52DE', 1, '2025-07-18 13:21:28', '2025-07-18 13:21:28'),
(354, 80, NULL, '#007AFF', 1, '2025-07-18 13:21:28', '2025-07-18 13:21:28'),
(355, 81, NULL, '#4CD964', 1, '2025-07-18 13:21:28', '2025-07-18 13:21:28'),
(356, 81, NULL, '#FFCC00', 1, '2025-07-18 13:21:28', '2025-07-18 13:21:28'),
(357, 81, NULL, '#FF9500', 1, '2025-07-18 13:21:28', '2025-07-18 13:21:28'),
(358, 81, NULL, '#FF3B30', 1, '2025-07-18 13:21:28', '2025-07-18 13:21:28'),
(359, 81, NULL, '#AF52DE', 1, '2025-07-18 13:21:28', '2025-07-18 13:21:28'),
(360, 81, NULL, '#007AFF', 1, '2025-07-18 13:21:28', '2025-07-18 13:21:28'),
(361, 82, NULL, '#4CD964', 1, '2025-07-18 13:21:29', '2025-07-18 13:21:29'),
(362, 82, NULL, '#FFCC00', 1, '2025-07-18 13:21:29', '2025-07-18 13:21:29'),
(363, 82, NULL, '#FF9500', 1, '2025-07-18 13:21:29', '2025-07-18 13:21:29'),
(364, 82, NULL, '#FF3B30', 1, '2025-07-18 13:21:29', '2025-07-18 13:21:29'),
(365, 82, NULL, '#AF52DE', 1, '2025-07-18 13:21:29', '2025-07-18 13:21:29'),
(366, 82, NULL, '#007AFF', 1, '2025-07-18 13:21:29', '2025-07-18 13:21:29'),
(367, 83, NULL, '#4CD964', 1, '2025-07-18 13:21:29', '2025-07-18 13:21:29'),
(368, 83, NULL, '#FFCC00', 1, '2025-07-18 13:21:29', '2025-07-18 13:21:29'),
(369, 83, NULL, '#FF9500', 1, '2025-07-18 13:21:29', '2025-07-18 13:21:29'),
(370, 83, NULL, '#FF3B30', 1, '2025-07-18 13:21:29', '2025-07-18 13:21:29'),
(371, 83, NULL, '#AF52DE', 1, '2025-07-18 13:21:29', '2025-07-18 13:21:29'),
(372, 83, NULL, '#007AFF', 1, '2025-07-18 13:21:29', '2025-07-18 13:21:29'),
(373, 84, NULL, '#4CD964', 1, '2025-07-18 13:21:29', '2025-07-18 13:21:29'),
(374, 84, NULL, '#FFCC00', 1, '2025-07-18 13:21:29', '2025-07-18 13:21:29'),
(375, 84, NULL, '#FF9500', 1, '2025-07-18 13:21:29', '2025-07-18 13:21:29'),
(376, 84, NULL, '#FF3B30', 1, '2025-07-18 13:21:29', '2025-07-18 13:21:29'),
(377, 84, NULL, '#AF52DE', 1, '2025-07-18 13:21:29', '2025-07-18 13:21:29'),
(378, 84, NULL, '#007AFF', 1, '2025-07-18 13:21:29', '2025-07-18 13:21:29'),
(379, 85, NULL, '#4CD964', 1, '2025-07-18 13:21:30', '2025-07-18 13:21:30'),
(380, 85, NULL, '#FFCC00', 1, '2025-07-18 13:21:30', '2025-07-18 13:21:30'),
(381, 85, NULL, '#FF9500', 1, '2025-07-18 13:21:30', '2025-07-18 13:21:30'),
(382, 85, NULL, '#FF3B30', 1, '2025-07-18 13:21:30', '2025-07-18 13:21:30'),
(383, 85, NULL, '#AF52DE', 1, '2025-07-18 13:21:30', '2025-07-18 13:21:30'),
(384, 85, NULL, '#007AFF', 1, '2025-07-18 13:21:30', '2025-07-18 13:21:30'),
(385, 86, NULL, '#4CD964', 1, '2025-07-18 13:21:30', '2025-07-18 13:21:30'),
(386, 86, NULL, '#FFCC00', 1, '2025-07-18 13:21:30', '2025-07-18 13:21:30'),
(387, 86, NULL, '#FF9500', 1, '2025-07-18 13:21:30', '2025-07-18 13:21:30'),
(388, 86, NULL, '#FF3B30', 1, '2025-07-18 13:21:30', '2025-07-18 13:21:30'),
(389, 86, NULL, '#AF52DE', 1, '2025-07-18 13:21:30', '2025-07-18 13:21:30'),
(390, 86, NULL, '#007AFF', 1, '2025-07-18 13:21:30', '2025-07-18 13:21:30'),
(391, 87, NULL, '#4CD964', 1, '2025-07-18 13:21:30', '2025-07-18 13:21:30'),
(392, 87, NULL, '#FFCC00', 1, '2025-07-18 13:21:30', '2025-07-18 13:21:30'),
(393, 87, NULL, '#FF9500', 1, '2025-07-18 13:21:30', '2025-07-18 13:21:30'),
(394, 87, NULL, '#FF3B30', 1, '2025-07-18 13:21:30', '2025-07-18 13:21:30'),
(395, 87, NULL, '#AF52DE', 1, '2025-07-18 13:21:30', '2025-07-18 13:21:30'),
(396, 87, NULL, '#007AFF', 1, '2025-07-18 13:21:30', '2025-07-18 13:21:30'),
(397, 88, NULL, '#4CD964', 1, '2025-07-18 13:21:31', '2025-07-18 13:21:31'),
(398, 88, NULL, '#FFCC00', 1, '2025-07-18 13:21:31', '2025-07-18 13:21:31'),
(399, 88, NULL, '#FF9500', 1, '2025-07-18 13:21:31', '2025-07-18 13:21:31'),
(400, 88, NULL, '#FF3B30', 1, '2025-07-18 13:21:31', '2025-07-18 13:21:31'),
(401, 88, NULL, '#AF52DE', 1, '2025-07-18 13:21:31', '2025-07-18 13:21:31'),
(402, 88, NULL, '#007AFF', 1, '2025-07-18 13:21:31', '2025-07-18 13:21:31'),
(403, 89, NULL, '#4CD964', 1, '2025-07-18 13:21:31', '2025-07-18 13:21:31'),
(404, 89, NULL, '#FFCC00', 1, '2025-07-18 13:21:31', '2025-07-18 13:21:31'),
(405, 89, NULL, '#FF9500', 1, '2025-07-18 13:21:31', '2025-07-18 13:21:31'),
(406, 89, NULL, '#FF3B30', 1, '2025-07-18 13:21:31', '2025-07-18 13:21:31'),
(407, 89, NULL, '#AF52DE', 1, '2025-07-18 13:21:31', '2025-07-18 13:21:31'),
(408, 89, NULL, '#007AFF', 1, '2025-07-18 13:21:31', '2025-07-18 13:21:31'),
(409, 90, NULL, '#4CD964', 1, '2025-07-18 13:21:31', '2025-07-18 13:21:31'),
(410, 90, NULL, '#FFCC00', 1, '2025-07-18 13:21:31', '2025-07-18 13:21:31'),
(411, 90, NULL, '#FF9500', 1, '2025-07-18 13:21:31', '2025-07-18 13:21:31'),
(412, 90, NULL, '#FF3B30', 1, '2025-07-18 13:21:31', '2025-07-18 13:21:31'),
(413, 90, NULL, '#AF52DE', 1, '2025-07-18 13:21:31', '2025-07-18 13:21:31'),
(414, 90, NULL, '#007AFF', 1, '2025-07-18 13:21:31', '2025-07-18 13:21:31'),
(415, 91, NULL, '#4CD964', 1, '2025-07-18 13:25:22', '2025-07-18 13:25:22'),
(416, 91, NULL, '#FFCC00', 1, '2025-07-18 13:25:22', '2025-07-18 13:25:22'),
(417, 91, NULL, '#FF9500', 1, '2025-07-18 13:25:22', '2025-07-18 13:25:22'),
(418, 91, NULL, '#FF3B30', 1, '2025-07-18 13:25:22', '2025-07-18 13:25:22'),
(419, 91, NULL, '#AF52DE', 1, '2025-07-18 13:25:22', '2025-07-18 13:25:22'),
(420, 91, NULL, '#007AFF', 1, '2025-07-18 13:25:22', '2025-07-18 13:25:22'),
(421, 92, NULL, '#4CD964', 1, '2025-07-18 13:29:46', '2025-07-18 13:29:46'),
(422, 92, NULL, '#FFCC00', 1, '2025-07-18 13:29:46', '2025-07-18 13:29:46'),
(423, 92, NULL, '#FF9500', 1, '2025-07-18 13:29:46', '2025-07-18 13:29:46'),
(424, 92, NULL, '#FF3B30', 1, '2025-07-18 13:29:46', '2025-07-18 13:29:46'),
(425, 92, NULL, '#AF52DE', 1, '2025-07-18 13:29:46', '2025-07-18 13:29:46'),
(426, 92, NULL, '#007AFF', 1, '2025-07-18 13:29:46', '2025-07-18 13:29:46'),
(427, 93, NULL, '#4CD964', 1, '2025-07-18 13:29:47', '2025-07-18 13:29:47'),
(428, 93, NULL, '#FFCC00', 1, '2025-07-18 13:29:47', '2025-07-18 13:29:47'),
(429, 93, NULL, '#FF9500', 1, '2025-07-18 13:29:47', '2025-07-18 13:29:47'),
(430, 93, NULL, '#FF3B30', 1, '2025-07-18 13:29:47', '2025-07-18 13:29:47'),
(431, 93, NULL, '#AF52DE', 1, '2025-07-18 13:29:47', '2025-07-18 13:29:47'),
(432, 93, NULL, '#007AFF', 1, '2025-07-18 13:29:47', '2025-07-18 13:29:47'),
(433, 94, NULL, '#4CD964', 1, '2025-07-18 13:29:48', '2025-07-18 13:29:48'),
(434, 94, NULL, '#FFCC00', 1, '2025-07-18 13:29:48', '2025-07-18 13:29:48'),
(435, 94, NULL, '#FF9500', 1, '2025-07-18 13:29:48', '2025-07-18 13:29:48'),
(436, 94, NULL, '#FF3B30', 1, '2025-07-18 13:29:48', '2025-07-18 13:29:48'),
(437, 94, NULL, '#AF52DE', 1, '2025-07-18 13:29:48', '2025-07-18 13:29:48'),
(438, 94, NULL, '#007AFF', 1, '2025-07-18 13:29:48', '2025-07-18 13:29:48'),
(439, 95, NULL, '#4CD964', 1, '2025-07-18 13:29:48', '2025-07-18 13:29:48'),
(440, 95, NULL, '#FFCC00', 1, '2025-07-18 13:29:48', '2025-07-18 13:29:48'),
(441, 95, NULL, '#FF9500', 1, '2025-07-18 13:29:48', '2025-07-18 13:29:48'),
(442, 95, NULL, '#FF3B30', 1, '2025-07-18 13:29:48', '2025-07-18 13:29:48'),
(443, 95, NULL, '#AF52DE', 1, '2025-07-18 13:29:48', '2025-07-18 13:29:48'),
(444, 95, NULL, '#007AFF', 1, '2025-07-18 13:29:48', '2025-07-18 13:29:48'),
(445, 96, NULL, '#4CD964', 1, '2025-07-18 13:29:48', '2025-07-18 13:29:48'),
(446, 96, NULL, '#FFCC00', 1, '2025-07-18 13:29:48', '2025-07-18 13:29:48'),
(447, 96, NULL, '#FF9500', 1, '2025-07-18 13:29:48', '2025-07-18 13:29:48'),
(448, 96, NULL, '#FF3B30', 1, '2025-07-18 13:29:48', '2025-07-18 13:29:48'),
(449, 96, NULL, '#AF52DE', 1, '2025-07-18 13:29:48', '2025-07-18 13:29:48'),
(450, 96, NULL, '#007AFF', 1, '2025-07-18 13:29:48', '2025-07-18 13:29:48'),
(451, 97, NULL, '#4CD964', 1, '2025-07-18 13:29:49', '2025-07-18 13:29:49'),
(452, 97, NULL, '#FFCC00', 1, '2025-07-18 13:29:49', '2025-07-18 13:29:49'),
(453, 97, NULL, '#FF9500', 1, '2025-07-18 13:29:49', '2025-07-18 13:29:49'),
(454, 97, NULL, '#FF3B30', 1, '2025-07-18 13:29:49', '2025-07-18 13:29:49'),
(455, 97, NULL, '#AF52DE', 1, '2025-07-18 13:29:49', '2025-07-18 13:29:49'),
(456, 97, NULL, '#007AFF', 1, '2025-07-18 13:29:49', '2025-07-18 13:29:49'),
(457, 98, NULL, '#4CD964', 1, '2025-07-18 13:29:49', '2025-07-18 13:29:49'),
(458, 98, NULL, '#FFCC00', 1, '2025-07-18 13:29:49', '2025-07-18 13:29:49'),
(459, 98, NULL, '#FF9500', 1, '2025-07-18 13:29:49', '2025-07-18 13:29:49'),
(460, 98, NULL, '#FF3B30', 1, '2025-07-18 13:29:49', '2025-07-18 13:29:49'),
(461, 98, NULL, '#AF52DE', 1, '2025-07-18 13:29:49', '2025-07-18 13:29:49'),
(462, 98, NULL, '#007AFF', 1, '2025-07-18 13:29:49', '2025-07-18 13:29:49'),
(463, 99, NULL, '#4CD964', 1, '2025-07-18 13:29:49', '2025-07-18 13:29:49'),
(464, 99, NULL, '#FFCC00', 1, '2025-07-18 13:29:49', '2025-07-18 13:29:49'),
(465, 99, NULL, '#FF9500', 1, '2025-07-18 13:29:49', '2025-07-18 13:29:49'),
(466, 99, NULL, '#FF3B30', 1, '2025-07-18 13:29:49', '2025-07-18 13:29:49'),
(467, 99, NULL, '#AF52DE', 1, '2025-07-18 13:29:49', '2025-07-18 13:29:49'),
(468, 99, NULL, '#007AFF', 1, '2025-07-18 13:29:49', '2025-07-18 13:29:49'),
(469, 100, NULL, '#4CD964', 1, '2025-07-18 13:29:51', '2025-07-18 13:29:51'),
(470, 100, NULL, '#FFCC00', 1, '2025-07-18 13:29:51', '2025-07-18 13:29:51'),
(471, 100, NULL, '#FF9500', 1, '2025-07-18 13:29:51', '2025-07-18 13:29:51'),
(472, 100, NULL, '#FF3B30', 1, '2025-07-18 13:29:51', '2025-07-18 13:29:51'),
(473, 100, NULL, '#AF52DE', 1, '2025-07-18 13:29:51', '2025-07-18 13:29:51'),
(474, 100, NULL, '#007AFF', 1, '2025-07-18 13:29:51', '2025-07-18 13:29:51'),
(475, 101, NULL, '#4CD964', 1, '2025-07-18 13:29:51', '2025-07-18 13:29:51'),
(476, 101, NULL, '#FFCC00', 1, '2025-07-18 13:29:51', '2025-07-18 13:29:51'),
(477, 101, NULL, '#FF9500', 1, '2025-07-18 13:29:51', '2025-07-18 13:29:51'),
(478, 101, NULL, '#FF3B30', 1, '2025-07-18 13:29:51', '2025-07-18 13:29:51'),
(479, 101, NULL, '#AF52DE', 1, '2025-07-18 13:29:51', '2025-07-18 13:29:51'),
(480, 101, NULL, '#007AFF', 1, '2025-07-18 13:29:51', '2025-07-18 13:29:51'),
(481, 102, NULL, '#4CD964', 1, '2025-07-18 13:29:51', '2025-07-18 13:29:51'),
(482, 102, NULL, '#FFCC00', 1, '2025-07-18 13:29:51', '2025-07-18 13:29:51'),
(483, 102, NULL, '#FF9500', 1, '2025-07-18 13:29:51', '2025-07-18 13:29:51'),
(484, 102, NULL, '#FF3B30', 1, '2025-07-18 13:29:51', '2025-07-18 13:29:51'),
(485, 102, NULL, '#AF52DE', 1, '2025-07-18 13:29:51', '2025-07-18 13:29:51'),
(486, 102, NULL, '#007AFF', 1, '2025-07-18 13:29:51', '2025-07-18 13:29:51'),
(487, 103, NULL, '#4CD964', 1, '2025-07-18 13:29:51', '2025-07-18 13:29:51'),
(488, 103, NULL, '#FFCC00', 1, '2025-07-18 13:29:51', '2025-07-18 13:29:51'),
(489, 103, NULL, '#FF9500', 1, '2025-07-18 13:29:51', '2025-07-18 13:29:51'),
(490, 103, NULL, '#FF3B30', 1, '2025-07-18 13:29:51', '2025-07-18 13:29:51'),
(491, 103, NULL, '#AF52DE', 1, '2025-07-18 13:29:51', '2025-07-18 13:29:51'),
(492, 103, NULL, '#007AFF', 1, '2025-07-18 13:29:51', '2025-07-18 13:29:51'),
(493, 104, NULL, '#4CD964', 1, '2025-07-18 13:29:52', '2025-07-18 13:29:52'),
(494, 104, NULL, '#FFCC00', 1, '2025-07-18 13:29:52', '2025-07-18 13:29:52'),
(495, 104, NULL, '#FF9500', 1, '2025-07-18 13:29:52', '2025-07-18 13:29:52'),
(496, 104, NULL, '#FF3B30', 1, '2025-07-18 13:29:52', '2025-07-18 13:29:52'),
(497, 104, NULL, '#AF52DE', 1, '2025-07-18 13:29:52', '2025-07-18 13:29:52'),
(498, 104, NULL, '#007AFF', 1, '2025-07-18 13:29:52', '2025-07-18 13:29:52'),
(499, 105, NULL, '#4CD964', 1, '2025-07-18 13:40:52', '2025-07-18 13:40:52'),
(500, 105, NULL, '#FFCC00', 1, '2025-07-18 13:40:52', '2025-07-18 13:40:52'),
(501, 105, NULL, '#FF9500', 1, '2025-07-18 13:40:52', '2025-07-18 13:40:52'),
(502, 105, NULL, '#FF3B30', 1, '2025-07-18 13:40:52', '2025-07-18 13:40:52'),
(503, 105, NULL, '#AF52DE', 1, '2025-07-18 13:40:52', '2025-07-18 13:40:52'),
(504, 105, NULL, '#007AFF', 1, '2025-07-18 13:40:52', '2025-07-18 13:40:52'),
(505, 106, NULL, '#4CD964', 1, '2025-07-18 13:40:52', '2025-07-18 13:40:52'),
(506, 106, NULL, '#FFCC00', 1, '2025-07-18 13:40:52', '2025-07-18 13:40:52'),
(507, 106, NULL, '#FF9500', 1, '2025-07-18 13:40:52', '2025-07-18 13:40:52'),
(508, 106, NULL, '#FF3B30', 1, '2025-07-18 13:40:52', '2025-07-18 13:40:52'),
(509, 106, NULL, '#AF52DE', 1, '2025-07-18 13:40:52', '2025-07-18 13:40:52'),
(510, 106, NULL, '#007AFF', 1, '2025-07-18 13:40:52', '2025-07-18 13:40:52'),
(511, 107, NULL, '#4CD964', 1, '2025-07-18 13:40:53', '2025-07-18 13:40:53'),
(512, 107, NULL, '#FFCC00', 1, '2025-07-18 13:40:53', '2025-07-18 13:40:53'),
(513, 107, NULL, '#FF9500', 1, '2025-07-18 13:40:53', '2025-07-18 13:40:53'),
(514, 107, NULL, '#FF3B30', 1, '2025-07-18 13:40:53', '2025-07-18 13:40:53'),
(515, 107, NULL, '#AF52DE', 1, '2025-07-18 13:40:53', '2025-07-18 13:40:53'),
(516, 107, NULL, '#007AFF', 1, '2025-07-18 13:40:53', '2025-07-18 13:40:53'),
(517, 108, NULL, '#4CD964', 1, '2025-07-18 13:40:54', '2025-07-18 13:40:54'),
(518, 108, NULL, '#FFCC00', 1, '2025-07-18 13:40:54', '2025-07-18 13:40:54'),
(519, 108, NULL, '#FF9500', 1, '2025-07-18 13:40:54', '2025-07-18 13:40:54'),
(520, 108, NULL, '#FF3B30', 1, '2025-07-18 13:40:54', '2025-07-18 13:40:54'),
(521, 108, NULL, '#AF52DE', 1, '2025-07-18 13:40:54', '2025-07-18 13:40:54'),
(522, 108, NULL, '#007AFF', 1, '2025-07-18 13:40:54', '2025-07-18 13:40:54'),
(523, 109, NULL, '#4CD964', 1, '2025-07-18 13:40:54', '2025-07-18 13:40:54'),
(524, 110, NULL, '#4CD964', 1, '2025-07-18 13:40:54', '2025-07-18 13:40:54'),
(525, 109, NULL, '#FFCC00', 1, '2025-07-18 13:40:54', '2025-07-18 13:40:54'),
(526, 110, NULL, '#FFCC00', 1, '2025-07-18 13:40:54', '2025-07-18 13:40:54'),
(527, 109, NULL, '#FF9500', 1, '2025-07-18 13:40:54', '2025-07-18 13:40:54'),
(528, 109, NULL, '#FF3B30', 1, '2025-07-18 13:40:54', '2025-07-18 13:40:54'),
(529, 109, NULL, '#AF52DE', 1, '2025-07-18 13:40:54', '2025-07-18 13:40:54'),
(530, 109, NULL, '#007AFF', 1, '2025-07-18 13:40:54', '2025-07-18 13:40:54'),
(531, 110, NULL, '#FF9500', 1, '2025-07-18 13:40:54', '2025-07-18 13:40:54'),
(532, 110, NULL, '#FF3B30', 1, '2025-07-18 13:40:54', '2025-07-18 13:40:54'),
(533, 110, NULL, '#AF52DE', 1, '2025-07-18 13:40:54', '2025-07-18 13:40:54'),
(534, 110, NULL, '#007AFF', 1, '2025-07-18 13:40:54', '2025-07-18 13:40:54'),
(535, 111, NULL, '#4CD964', 1, '2025-07-18 13:40:54', '2025-07-18 13:40:54'),
(536, 111, NULL, '#FFCC00', 1, '2025-07-18 13:40:54', '2025-07-18 13:40:54'),
(537, 111, NULL, '#FF9500', 1, '2025-07-18 13:40:54', '2025-07-18 13:40:54'),
(538, 111, NULL, '#FF3B30', 1, '2025-07-18 13:40:54', '2025-07-18 13:40:54'),
(539, 111, NULL, '#AF52DE', 1, '2025-07-18 13:40:54', '2025-07-18 13:40:54'),
(540, 111, NULL, '#007AFF', 1, '2025-07-18 13:40:54', '2025-07-18 13:40:54'),
(541, 112, NULL, '#4CD964', 1, '2025-07-18 13:40:54', '2025-07-18 13:40:54'),
(542, 112, NULL, '#FFCC00', 1, '2025-07-18 13:40:54', '2025-07-18 13:40:54'),
(543, 112, NULL, '#FF9500', 1, '2025-07-18 13:40:54', '2025-07-18 13:40:54'),
(544, 112, NULL, '#FF3B30', 1, '2025-07-18 13:40:54', '2025-07-18 13:40:54'),
(545, 112, NULL, '#AF52DE', 1, '2025-07-18 13:40:54', '2025-07-18 13:40:54'),
(546, 112, NULL, '#007AFF', 1, '2025-07-18 13:40:54', '2025-07-18 13:40:54'),
(547, 113, NULL, '#4CD964', 1, '2025-07-18 13:40:55', '2025-07-18 13:40:55'),
(548, 113, NULL, '#FFCC00', 1, '2025-07-18 13:40:55', '2025-07-18 13:40:55'),
(549, 113, NULL, '#FF9500', 1, '2025-07-18 13:40:55', '2025-07-18 13:40:55'),
(550, 113, NULL, '#FF3B30', 1, '2025-07-18 13:40:55', '2025-07-18 13:40:55'),
(551, 113, NULL, '#AF52DE', 1, '2025-07-18 13:40:55', '2025-07-18 13:40:55'),
(552, 113, NULL, '#007AFF', 1, '2025-07-18 13:40:55', '2025-07-18 13:40:55'),
(553, 114, NULL, '#4CD964', 1, '2025-07-18 13:40:55', '2025-07-18 13:40:55'),
(554, 114, NULL, '#FFCC00', 1, '2025-07-18 13:40:55', '2025-07-18 13:40:55'),
(555, 114, NULL, '#FF9500', 1, '2025-07-18 13:40:55', '2025-07-18 13:40:55'),
(556, 114, NULL, '#FF3B30', 1, '2025-07-18 13:40:55', '2025-07-18 13:40:55'),
(557, 114, NULL, '#AF52DE', 1, '2025-07-18 13:40:55', '2025-07-18 13:40:55'),
(558, 114, NULL, '#007AFF', 1, '2025-07-18 13:40:55', '2025-07-18 13:40:55'),
(559, 115, NULL, '#4CD964', 1, '2025-07-18 13:40:55', '2025-07-18 13:40:55'),
(560, 115, NULL, '#FFCC00', 1, '2025-07-18 13:40:55', '2025-07-18 13:40:55'),
(561, 115, NULL, '#FF9500', 1, '2025-07-18 13:40:55', '2025-07-18 13:40:55'),
(562, 115, NULL, '#FF3B30', 1, '2025-07-18 13:40:55', '2025-07-18 13:40:55'),
(563, 115, NULL, '#AF52DE', 1, '2025-07-18 13:40:55', '2025-07-18 13:40:55'),
(564, 115, NULL, '#007AFF', 1, '2025-07-18 13:40:55', '2025-07-18 13:40:55'),
(565, 116, NULL, '#4CD964', 1, '2025-07-18 13:40:55', '2025-07-18 13:40:55'),
(566, 116, NULL, '#FFCC00', 1, '2025-07-18 13:40:55', '2025-07-18 13:40:55'),
(567, 116, NULL, '#FF9500', 1, '2025-07-18 13:40:55', '2025-07-18 13:40:55'),
(568, 116, NULL, '#FF3B30', 1, '2025-07-18 13:40:55', '2025-07-18 13:40:55'),
(569, 116, NULL, '#AF52DE', 1, '2025-07-18 13:40:55', '2025-07-18 13:40:55'),
(570, 116, NULL, '#007AFF', 1, '2025-07-18 13:40:55', '2025-07-18 13:40:55'),
(571, 117, NULL, '#4CD964', 1, '2025-07-18 13:41:17', '2025-07-18 13:41:17'),
(572, 117, NULL, '#FFCC00', 1, '2025-07-18 13:41:17', '2025-07-18 13:41:17'),
(573, 117, NULL, '#FF9500', 1, '2025-07-18 13:41:17', '2025-07-18 13:41:17'),
(574, 117, NULL, '#FF3B30', 1, '2025-07-18 13:41:17', '2025-07-18 13:41:17'),
(575, 117, NULL, '#AF52DE', 1, '2025-07-18 13:41:17', '2025-07-18 13:41:17'),
(576, 117, NULL, '#007AFF', 1, '2025-07-18 13:41:17', '2025-07-18 13:41:17'),
(577, 118, NULL, '#4CD964', 1, '2025-07-18 13:42:37', '2025-07-18 13:42:37'),
(578, 118, NULL, '#FFCC00', 1, '2025-07-18 13:42:37', '2025-07-18 13:42:37'),
(579, 118, NULL, '#FF9500', 1, '2025-07-18 13:42:37', '2025-07-18 13:42:37'),
(580, 118, NULL, '#FF3B30', 1, '2025-07-18 13:42:37', '2025-07-18 13:42:37'),
(581, 118, NULL, '#AF52DE', 1, '2025-07-18 13:42:37', '2025-07-18 13:42:37'),
(582, 118, NULL, '#007AFF', 1, '2025-07-18 13:42:37', '2025-07-18 13:42:37'),
(583, 119, NULL, '#4CD964', 1, '2025-07-18 13:48:34', '2025-07-18 13:48:34'),
(584, 119, NULL, '#FFCC00', 1, '2025-07-18 13:48:34', '2025-07-18 13:48:34'),
(585, 119, NULL, '#FF9500', 1, '2025-07-18 13:48:35', '2025-07-18 13:48:35'),
(586, 119, NULL, '#FF3B30', 1, '2025-07-18 13:48:35', '2025-07-18 13:48:35'),
(587, 119, NULL, '#AF52DE', 1, '2025-07-18 13:48:35', '2025-07-18 13:48:35'),
(588, 119, NULL, '#007AFF', 1, '2025-07-18 13:48:35', '2025-07-18 13:48:35'),
(589, 120, NULL, '#4CD964', 1, '2025-07-18 13:49:04', '2025-07-18 13:49:04'),
(590, 120, NULL, '#FFCC00', 1, '2025-07-18 13:49:04', '2025-07-18 13:49:04'),
(591, 120, NULL, '#FF9500', 1, '2025-07-18 13:49:04', '2025-07-18 13:49:04'),
(592, 120, NULL, '#FF3B30', 1, '2025-07-18 13:49:04', '2025-07-18 13:49:04'),
(593, 120, NULL, '#AF52DE', 1, '2025-07-18 13:49:04', '2025-07-18 13:49:04'),
(594, 120, NULL, '#007AFF', 1, '2025-07-18 13:49:04', '2025-07-18 13:49:04'),
(595, 121, NULL, '#4CD964', 1, '2025-07-18 13:49:09', '2025-07-18 13:49:09'),
(596, 121, NULL, '#FFCC00', 1, '2025-07-18 13:49:09', '2025-07-18 13:49:09'),
(597, 121, NULL, '#FF9500', 1, '2025-07-18 13:49:09', '2025-07-18 13:49:09'),
(598, 121, NULL, '#FF3B30', 1, '2025-07-18 13:49:09', '2025-07-18 13:49:09'),
(599, 121, NULL, '#AF52DE', 1, '2025-07-18 13:49:09', '2025-07-18 13:49:09'),
(600, 121, NULL, '#007AFF', 1, '2025-07-18 13:49:09', '2025-07-18 13:49:09'),
(601, 122, NULL, '#4CD964', 1, '2025-07-18 13:49:13', '2025-07-18 13:49:13'),
(602, 122, NULL, '#FFCC00', 1, '2025-07-18 13:49:13', '2025-07-18 13:49:13'),
(603, 122, NULL, '#FF9500', 1, '2025-07-18 13:49:13', '2025-07-18 13:49:13'),
(604, 122, NULL, '#FF3B30', 1, '2025-07-18 13:49:13', '2025-07-18 13:49:13'),
(605, 122, NULL, '#AF52DE', 1, '2025-07-18 13:49:13', '2025-07-18 13:49:13'),
(606, 122, NULL, '#007AFF', 1, '2025-07-18 13:49:13', '2025-07-18 13:49:13'),
(607, 123, NULL, '#4CD964', 1, '2025-07-18 13:49:31', '2025-07-18 13:49:31'),
(608, 123, NULL, '#FFCC00', 1, '2025-07-18 13:49:31', '2025-07-18 13:49:31'),
(609, 123, NULL, '#FF9500', 1, '2025-07-18 13:49:31', '2025-07-18 13:49:31'),
(610, 123, NULL, '#FF3B30', 1, '2025-07-18 13:49:31', '2025-07-18 13:49:31'),
(611, 123, NULL, '#AF52DE', 1, '2025-07-18 13:49:31', '2025-07-18 13:49:31'),
(612, 123, NULL, '#007AFF', 1, '2025-07-18 13:49:31', '2025-07-18 13:49:31'),
(613, 124, NULL, '#4CD964', 1, '2025-07-18 14:06:28', '2025-07-18 14:06:28'),
(614, 124, NULL, '#FFCC00', 1, '2025-07-18 14:06:28', '2025-07-18 14:06:28'),
(615, 124, NULL, '#FF9500', 1, '2025-07-18 14:06:28', '2025-07-18 14:06:28'),
(616, 124, NULL, '#FF3B30', 1, '2025-07-18 14:06:28', '2025-07-18 14:06:28'),
(617, 124, NULL, '#AF52DE', 1, '2025-07-18 14:06:28', '2025-07-18 14:06:28'),
(618, 124, NULL, '#007AFF', 1, '2025-07-18 14:06:28', '2025-07-18 14:06:28'),
(619, 125, NULL, '#4CD964', 1, '2025-08-28 14:36:03', '2025-08-28 14:36:03'),
(620, 125, NULL, '#FFCC00', 1, '2025-08-28 14:36:03', '2025-08-28 14:36:03'),
(621, 125, NULL, '#FF9500', 1, '2025-08-28 14:36:03', '2025-08-28 14:36:03'),
(622, 125, NULL, '#FF3B30', 1, '2025-08-28 14:36:03', '2025-08-28 14:36:03'),
(623, 125, NULL, '#AF52DE', 1, '2025-08-28 14:36:03', '2025-08-28 14:36:03'),
(624, 125, NULL, '#007AFF', 1, '2025-08-28 14:36:03', '2025-08-28 14:36:03'),
(625, 126, NULL, '#4CD964', 1, '2025-08-28 14:48:40', '2025-08-28 14:48:40'),
(626, 126, NULL, '#FFCC00', 1, '2025-08-28 14:48:40', '2025-08-28 14:48:40'),
(627, 126, NULL, '#FF9500', 1, '2025-08-28 14:48:40', '2025-08-28 14:48:40'),
(628, 126, NULL, '#FF3B30', 1, '2025-08-28 14:48:40', '2025-08-28 14:48:40'),
(629, 126, NULL, '#AF52DE', 1, '2025-08-28 14:48:40', '2025-08-28 14:48:40'),
(630, 126, NULL, '#007AFF', 1, '2025-08-28 14:48:40', '2025-08-28 14:48:40');

-- --------------------------------------------------------

--
-- Table structure for table `board_user`
--

CREATE TABLE `board_user` (
  `id` int(11) NOT NULL,
  `user_id` bigint(20) UNSIGNED NOT NULL,
  `board_id` bigint(20) UNSIGNED NOT NULL,
  `status` enum('Member','Owner','Pending') NOT NULL DEFAULT 'Pending',
  `created_at` timestamp NOT NULL DEFAULT current_timestamp(),
  `updated_at` timestamp NULL DEFAULT current_timestamp()
) ENGINE=InnoDB DEFAULT CHARSET=utf8mb4 COLLATE=utf8mb4_general_ci;

--
-- Dumping data for table `board_user`
--

INSERT INTO `board_user` (`id`, `user_id`, `board_id`, `status`, `created_at`, `updated_at`) VALUES
(2, 1, 11, 'Member', '2025-05-29 21:10:48', '2025-05-29 21:10:48'),
(9, 1, 16, 'Owner', '2025-06-02 13:30:56', '2025-06-02 13:30:56'),
(12, 29, 19, 'Owner', '2025-06-03 13:30:59', '2025-06-03 13:30:59'),
(13, 29, 20, 'Owner', '2025-06-03 13:51:18', '2025-06-03 13:51:18'),
(14, 32, 20, 'Owner', '2025-06-04 12:54:45', '2025-06-04 14:14:58'),
(17, 32, 22, 'Member', '2025-06-30 17:24:45', '2025-07-17 13:07:49'),
(53, 32, 58, 'Owner', '2025-07-17 16:54:56', '2025-07-17 16:54:56'),
(57, 1, 61, 'Owner', '2025-07-18 13:09:23', '2025-07-18 13:09:23'),
(114, 1, 118, 'Owner', '2025-07-18 13:42:37', '2025-07-18 13:42:37'),
(120, 1, 124, 'Owner', '2025-07-18 14:06:28', '2025-07-18 14:06:28'),
(121, 20, 125, 'Owner', '2025-08-28 14:36:03', '2025-08-28 14:36:03'),
(122, 20, 126, 'Owner', '2025-08-28 14:48:40', '2025-08-28 14:48:40');

-- --------------------------------------------------------

--
-- Table structure for table `cards`
--

CREATE TABLE `cards` (
  `id` bigint(20) UNSIGNED NOT NULL,
  `name` varchar(255) NOT NULL,
  `description` longtext DEFAULT NULL,
  `column_id` bigint(20) UNSIGNED NOT NULL,
  `previous_id` bigint(20) UNSIGNED DEFAULT NULL,
  `next_id` bigint(20) UNSIGNED DEFAULT NULL,
  `created_at` timestamp NULL DEFAULT NULL,
  `updated_at` timestamp NULL DEFAULT NULL
) ENGINE=InnoDB DEFAULT CHARSET=utf8mb4 COLLATE=utf8mb4_unicode_ci;

--
-- Dumping data for table `cards`
--

INSERT INTO `cards` (`id`, `name`, `description`, `column_id`, `previous_id`, `next_id`, `created_at`, `updated_at`) VALUES
(27, 'thnj ghjghghghghghghghghghghghghghghghgh', 'dffgdf', 16, NULL, NULL, '2025-06-03 16:11:29', '2025-06-03 16:11:29'),
(33, 'ggggggggggg', NULL, 17, NULL, NULL, '2025-06-03 16:12:08', '2025-06-03 16:12:08'),
(34, 'hatim123', '<p></p><p>hatim</p><p>fgdfgdfgdfg dfg df</p><img src=\"/wbtask/public/storage/attachments/LD0FOyBBKldLgORqkSzmmfUWkmm4rMQ0lCZmNpNr.jpg\"><p><br><strong>hatim</strong><br>sdasdsadasd<br>m, nmb,bn,mbbnmbnbnm</p><p>bnbhjgjgj</p><p></p>', 18, NULL, 35, '2025-06-03 16:12:23', '2025-07-16 10:28:44'),
(35, 'hatim2', '<ul><li><p><strong>hatim</strong></p></li><li><p><em>d,fsdjkhfdshf</em><br>dfsdfj sdk fhsdjkfl<br>dfdklfjsd fhsdjkf<br>sdfsd fjsdhfsdhf<br>sdfksdjf dshfsdfh<br>dfl;djf sdh fsdgfsdb<br>sdfdksf dsgfhsdgj<br>sdfsdklhf sdh fsdf<br>sdfsdnf sdj</p></li></ul>', 18, NULL, NULL, '2025-06-10 09:39:46', '2025-07-16 09:57:48'),
(36, 'hjv b', '<ul><li><p>ghdfgf g<strong>fh gfh gfdsd sdasd s s asd asd as saasd asd</strong></p></li><li><p>gfhhgfhghgfhhgfhgf</p></li><li><p></p></li><li><p></p></li><li><p><br><br><br></p></li></ul><img src=\"/wbtask/public/storage/attachments/2YUn0WlzsW2IXEFJ7zMWWg8pxpE4PxbXlWMfNTWS.jpg\">', 19, NULL, NULL, '2025-06-24 13:05:46', '2025-07-10 16:50:03'),
(37, 'ghjghj', NULL, 20, NULL, NULL, '2025-07-02 16:14:28', '2025-07-10 16:24:56'),
(38, 'nmjghj', NULL, 21, NULL, NULL, '2025-07-02 16:15:02', '2025-07-10 16:50:03'),
(43, 'sssssssssssssssssssssssssssssssssssssssssssssssssssssssssssssssssssssssssssssssssssssssssssssssssssssssssssssssssssssssssssssssssssssssssssssss', NULL, 24, NULL, NULL, '2025-08-28 15:00:13', '2025-08-28 15:00:13');

-- --------------------------------------------------------

--
-- Table structure for table `card_comments`
--

CREATE TABLE `card_comments` (
  `id` int(11) NOT NULL,
  `user_id` int(11) NOT NULL,
  `card_id` bigint(20) UNSIGNED NOT NULL,
  `content` longtext NOT NULL,
  `created_at` timestamp NULL DEFAULT NULL,
  `updated_at` timestamp NULL DEFAULT NULL
) ENGINE=InnoDB DEFAULT CHARSET=utf8mb4 COLLATE=utf8mb4_general_ci;

--
-- Dumping data for table `card_comments`
--

INSERT INTO `card_comments` (`id`, `user_id`, `card_id`, `content`, `created_at`, `updated_at`) VALUES
(1, 20, 36, '<p>sssssssssssssssssssssss</p>', '2025-07-08 09:16:27', '2025-07-08 09:16:27'),
(2, 20, 36, '<p>qqqqqqqqqqqqqqqq</p>', '2025-07-08 09:16:55', '2025-07-08 09:16:55'),
(3, 20, 36, '<p>pppppp</p>', '2025-07-08 09:24:33', '2025-07-08 09:24:33'),
(4, 20, 36, '<p>zzzzxxxcz</p>', '2025-07-08 09:38:19', '2025-07-08 09:38:19'),
(5, 20, 36, '<p>jjjjjjjjjjjjjjjj</p>', '2025-07-08 09:41:43', '2025-07-08 09:41:43'),
(7, 32, 36, '<p>i am here because of you </p><p></p>', '2025-07-08 10:15:48', '2025-07-08 10:15:48'),
(17, 32, 36, '<p>this is offsence okay </p><p></p>', '2025-07-08 13:20:48', '2025-07-08 13:20:48'),
(21, 32, 36, '<p>hello  bhai ke se ho aaaap</p>', '2025-07-09 13:22:39', '2025-07-09 13:22:59'),
(22, 20, 36, '<p>ha bhai haik ho </p><img src=\"/wbtask/public/storage/attachments/ZwIfyl6rXMJg5BiR4pxRLiq9t03qpHLCZkMLSPpB.webp\">', '2025-07-09 13:23:25', '2025-07-09 13:23:25'),
(23, 32, 36, '<p>okay bhai ??????????????</p>', '2025-07-09 13:25:02', '2025-07-09 13:25:02'),
(24, 20, 36, '<img src=\"/wbtask/public/storage/attachments/L6Zb4yThkHMzAxmOa4m1hyr8XftRjnkqQApF215N.png\"><p>sdjhfsdjklfhdjkhfklhdjklsfklm,m<br><br><br><br><br><br><br><br><br><br><br><br><br><br><br></p>', '2025-07-09 16:11:33', '2025-07-09 16:42:36'),
(25, 20, 36, '<p>hello </p><p></p>', '2025-07-09 16:48:10', '2025-07-09 16:48:10'),
(39, 20, 36, '<p>dfm,gdfgh lj kl; fl;sdfjklsdhjkhdjl;h sdklaf sdjklfh sdkl;f sdkl;fh sdjfh sdjlfh sdjklfh sdklfh sdlh fsdh fsdjklh fsdjklh fjksdlh fjklsdhfjksdhfjksdhfsdklfjsdf sdifj sdj fsdkl jsdlfjdklsfsdfjsd hfjsdkhfjksd fhsdjkhfdjkshfsdjkh flsdk hfjdksfjksdhfjkds fyhor dshfsdyfdsmf d hdjsh oiruwepjfds fopsdf dfdp fsd ds i sdj difjsd sj;pdj idjdfgj iso s jhfjkdhuiospy jksdhfuio h jfgh jkh ud fjkdshfi usdhfjkds fuksd fhsd hfsdui iehf j jkdf uiy foidhfjkdh foeyu 89rhv</p>', '2025-07-10 17:53:36', '2025-07-10 17:53:36'),
(40, 32, 36, '<p>dfm,gdfgh lj kl; fl;sdfjklsdhjkhdjl;h sdklaf sdjklfh sdkl;f sdkl;fh sdjfh sdjlfh sdjklfh sdklfh sdlh fsdh fsdjklh fsdjklh fjksdlh fjklsdhfjksdhfjksdhfsdklfjsdf sdifj sdj fsdkl jsdlfjdklsfsdfjsd hfjsdkhfjksd fhsdjkhfdjkshfsdjkh flsdk hfjdksfjksdhfjkds fyhor dshfsdyfdsmf d hdjsh oiruwepjfds fopsdf dfdp fsd ds i sdj difjsd sj;pdj idjdfgj iso s jhfjkdhuiospy jksdhfuio h jfgh jkh ud fjkdshfi usdhfjkds fuksd fhsd hfsdui iehf j jkdf uiy foidhfjkdh foeyu 89rhv</p>', '2025-07-10 17:53:52', '2025-07-10 17:53:52'),
(41, 20, 36, '<p>dfm,gdfgh lj kl; fl;sdfjklsdhjkhdjl;h sdklaf sdjklfh sdkl;f sdkl;fh sdjfh sdjlfh sdjklfh sdklfh sdlh fsdh fsdjklh fsdjklh fjksdlh fjklsdhfjksdhfjksdhfsdklfjsdf sdifj sdj fsdkl jsdlfjdklsfsdfjsd hfjsdkhfjksd fhsdjkhfdjkshfsdjkh flsdk hfjdksfjksdhfjkds fyhor dshfsdyfdsmf d hdjsh oiruwepjfds fopsdf dfdp fsd ds i sdj difjsd sj;pdj idjdfgj iso s jhfjkdhuiospy jksdhfuio h jfgh jkh ud fjkdshfi usdhfjkds fuksd fhsd hfsdui iehf j jkdf uiy foidhfjkdh foeyu 89rhv</p>', '2025-07-10 17:54:19', '2025-07-10 17:54:19'),
(42, 32, 36, '<p>dfm,gdfgh lj kl; fl;sdfjklsdhjkhdjl;h sdklaf sdjklfh sdkl;f sdkl;fh sdjfh sdjlfh sdjklfh sdklfh sdlh fsdh fsdjklh fsdjklh fjksdlh fjklsdhfjksdhfjksdhfsdklfjsdf sdifj sdj fsdkl jsdlfjdklsfsdfjsd hfjsdkhfjksd fhsdjkhfdjkshfsdjkh flsdk hfjdksfjksdhfjkds fyhor dshfsdyfdsmf d hdjsh oiruwepjfds fopsdf dfdp fsd ds i sdj difjsd sj;pdj idjdfgj iso s jhfjkdhuiospy jksdhfuio h jfgh jkh ud fjkdshfi usdhfjkds fuksd fhsd hfsdui iehf j jkdf uiy foidhfjkdh foeyu 89rhv</p>', '2025-07-10 17:54:38', '2025-07-10 17:54:38'),
(43, 20, 36, '<p>dfm,gdfgh lj kl; fl;sdfjklsdhjkhdjl;h sdklaf sdjklfh sdkl;f sdkl;fh sdjfh sdjlfh sdjklfh sdklfh sdlh fsdh fsdjklh fsdjklh fjksdlh fjklsdhfjksdhfjksdhfsdklfjsdf sdifj sdj fsdkl jsdlfjdklsfsdfjsd hfjsdkhfjksd fhsdjkhfdjkshfsdjkh flsdk hfjdksfjksdhfjkds fyhor dshfsdyfdsmf d hdjsh oiruwepjfds fopsdf dfdp fsd ds i sdj difjsd sj;pdj idjdfgj iso s jhfjkdhuiospy jksdhfuio h jfgh jkh ud fjkdshfi usdhfjkds fuksd fhsd hfsdui iehf j jkdf uiy foidhfjkdh foeyu 89rhv</p>', '2025-07-10 17:54:53', '2025-07-10 17:54:53'),
(44, 32, 36, '<p>dfm,gdfgh lj kl; fl;sdfjklsdhjkhdjl;h sdklaf sdjklfh sdkl;f sdkl;fh sdjfh sdjlfh sdjklfh sdklfh sdlh fsdh fsdjklh fsdjklh fjksdlh fjklsdhfjksdhfjksdhfsdklfjsdf sdifj sdj fsdkl jsdlfjdklsfsdfjsd hfjsdkhfjksd fhsdjkhfdjkshfsdjkh flsdk hfjdksfjksdhfjkds fyhor dshfsdyfdsmf d hdjsh oiruwepjfds fopsdf dfdp fsd ds i sdj difjsd sj;pdj idjdfgj iso s jhfjkdhuiospy jksdhfuio h jfgh jkh ud fjkdshfi usdhfjkds fuksd fhsd hfsdui iehf j jkdf uiy foidhfjkdh foeyu 89rhv</p>', '2025-07-10 17:54:57', '2025-07-10 17:54:57'),
(45, 20, 36, '<p>dfm,gdfgh lj kl; fl;sdfjklsdhjkhdjl;h sdklaf sdjklfh sdkl;f sdkl;fh sdjfh sdjlfh sdjklfh sdklfh sdlh fsdh fsdjklh fsdjklh fjksdlh fjklsdhfjksdhfjksdhfsdklfjsdf sdifj sdj fsdkl jsdlfjdklsfsdfjsd hfjsdkhfjksd fhsdjkhfdjkshfsdjkh flsdk hfjdksfjksdhfjkds fyhor dshfsdyfdsmf d hdjsh oiruwepjfds fopsdf dfdp fsd ds i sdj difjsd sj;pdj idjdfgj iso s jhfjkdhuiospy jksdhfuio h jfgh jkh ud fjkdshfi usdhfjkds fuksd fhsd hfsdui iehf j jkdf uiy foidhfjkdh foeyu 89rhv</p>', '2025-07-10 17:55:01', '2025-07-10 17:55:01');

-- --------------------------------------------------------

--
-- Table structure for table `card_histories`
--

CREATE TABLE `card_histories` (
  `id` bigint(20) UNSIGNED NOT NULL,
  `card_id` bigint(20) UNSIGNED NOT NULL,
  `user_id` bigint(20) UNSIGNED NOT NULL,
  `type` enum('comment','event') NOT NULL DEFAULT 'comment',
  `content` varchar(255) DEFAULT NULL,
  `created_at` timestamp NULL DEFAULT NULL,
  `updated_at` timestamp NULL DEFAULT NULL
) ENGINE=InnoDB DEFAULT CHARSET=utf8mb4 COLLATE=utf8mb4_unicode_ci;

--
-- Dumping data for table `card_histories`
--

INSERT INTO `card_histories` (`id`, `card_id`, `user_id`, `type`, `content`, `created_at`, `updated_at`) VALUES
(50, 27, 29, 'event', 'Created card', '2025-06-03 16:11:29', '2025-06-03 16:11:29'),
(51, 33, 29, 'event', 'Created card', '2025-06-03 16:12:08', '2025-06-03 16:12:08'),
(52, 34, 29, 'event', 'Created card', '2025-06-03 16:12:23', '2025-06-03 16:12:23'),
(53, 35, 20, 'event', 'Created card', '2025-06-10 09:39:46', '2025-06-10 09:39:46'),
(54, 34, 32, 'event', 'Left card.', '2025-06-11 14:29:54', '2025-06-11 14:29:54'),
(55, 34, 32, 'event', 'Left card.', '2025-06-11 14:31:34', '2025-06-11 14:31:34'),
(56, 34, 32, 'event', 'Left card.', '2025-06-11 14:32:49', '2025-06-11 14:32:49'),
(57, 34, 29, 'event', 'Left card.', '2025-06-11 14:37:04', '2025-06-11 14:37:04'),
(58, 34, 29, 'event', 'Left card.', '2025-06-11 14:37:22', '2025-06-11 14:37:22'),
(59, 34, 32, 'event', 'Left card.', '2025-06-11 14:37:52', '2025-06-11 14:37:52'),
(60, 34, 32, 'event', 'Left card.', '2025-06-11 14:37:52', '2025-06-11 14:37:52'),
(61, 34, 32, 'event', 'Left card.', '2025-06-11 14:37:53', '2025-06-11 14:37:53'),
(62, 34, 32, 'event', 'Left card.', '2025-06-11 14:37:53', '2025-06-11 14:37:53'),
(63, 34, 32, 'event', 'Left card.', '2025-06-11 14:52:05', '2025-06-11 14:52:05'),
(64, 34, 32, 'event', 'Left card.', '2025-06-11 15:07:31', '2025-06-11 15:07:31'),
(65, 34, 32, 'event', 'Left card.', '2025-06-11 15:09:46', '2025-06-11 15:09:46'),
(66, 34, 32, 'event', 'Left card.', '2025-06-11 15:09:55', '2025-06-11 15:09:55'),
(67, 34, 32, 'event', 'Left card.', '2025-06-11 15:09:56', '2025-06-11 15:09:56'),
(68, 34, 32, 'event', 'Left card.', '2025-06-11 15:09:56', '2025-06-11 15:09:56'),
(69, 34, 32, 'event', 'Left card.', '2025-06-11 15:09:56', '2025-06-11 15:09:56'),
(70, 34, 32, 'event', 'Left card.', '2025-06-11 15:09:57', '2025-06-11 15:09:57'),
(71, 34, 32, 'event', 'Left card.', '2025-06-11 15:09:57', '2025-06-11 15:09:57'),
(72, 34, 32, 'event', 'Left card.', '2025-06-11 15:09:58', '2025-06-11 15:09:58'),
(73, 34, 32, 'event', 'Left card.', '2025-06-11 15:09:58', '2025-06-11 15:09:58'),
(74, 34, 32, 'event', 'Left card.', '2025-06-11 15:09:58', '2025-06-11 15:09:58'),
(75, 34, 32, 'event', 'Left card.', '2025-06-11 15:09:58', '2025-06-11 15:09:58'),
(76, 34, 32, 'event', 'Left card.', '2025-06-11 16:13:08', '2025-06-11 16:13:08'),
(77, 34, 32, 'event', 'Left card.', '2025-06-11 16:13:08', '2025-06-11 16:13:08'),
(78, 34, 32, 'event', 'Left card.', '2025-06-11 16:13:12', '2025-06-11 16:13:12'),
(79, 34, 32, 'event', 'Left card.', '2025-06-11 16:13:12', '2025-06-11 16:13:12'),
(80, 34, 32, 'event', 'Left card.', '2025-06-11 16:13:12', '2025-06-11 16:13:12'),
(81, 34, 32, 'event', 'Left card.', '2025-06-11 16:13:13', '2025-06-11 16:13:13'),
(82, 34, 32, 'event', 'Left card.', '2025-06-11 16:13:13', '2025-06-11 16:13:13'),
(83, 34, 32, 'event', 'Left card.', '2025-06-11 16:16:36', '2025-06-11 16:16:36'),
(84, 34, 32, 'event', 'Left card.', '2025-06-11 16:22:54', '2025-06-11 16:22:54'),
(85, 34, 32, 'event', 'Left card.', '2025-06-11 16:26:28', '2025-06-11 16:26:28'),
(86, 34, 32, 'event', 'Left card.', '2025-06-11 16:37:37', '2025-06-11 16:37:37'),
(87, 34, 29, 'event', 'Left card.', '2025-06-11 16:43:41', '2025-06-11 16:43:41'),
(88, 34, 32, 'event', 'Left card.', '2025-06-11 16:55:10', '2025-06-11 16:55:10'),
(89, 34, 29, 'event', 'Left card.', '2025-06-11 16:56:50', '2025-06-11 16:56:50'),
(90, 34, 32, 'event', 'Left card.', '2025-06-11 16:57:37', '2025-06-11 16:57:37'),
(91, 34, 32, 'event', 'Left card.', '2025-06-11 17:08:31', '2025-06-11 17:08:31'),
(92, 34, 32, 'event', 'Left card.', '2025-06-11 17:16:57', '2025-06-11 17:16:57'),
(93, 34, 32, 'event', 'Left card.', '2025-06-12 08:14:58', '2025-06-12 08:14:58'),
(94, 34, 32, 'event', 'Left card.', '2025-06-12 08:15:09', '2025-06-12 08:15:09'),
(95, 34, 32, 'event', 'Left card.', '2025-06-12 08:15:11', '2025-06-12 08:15:11'),
(96, 34, 32, 'event', 'Left card.', '2025-06-12 08:15:57', '2025-06-12 08:15:57'),
(97, 34, 32, 'event', 'Left card.', '2025-06-12 08:36:19', '2025-06-12 08:36:19'),
(98, 34, 32, 'event', 'Left card.', '2025-06-12 08:37:51', '2025-06-12 08:37:51'),
(99, 34, 32, 'event', 'Left card.', '2025-06-12 08:41:01', '2025-06-12 08:41:01'),
(100, 34, 32, 'event', 'Left card.', '2025-06-12 08:44:22', '2025-06-12 08:44:22'),
(101, 34, 29, 'event', 'Left card.', '2025-06-12 08:45:39', '2025-06-12 08:45:39'),
(102, 34, 32, 'event', 'Left card.', '2025-06-12 08:53:47', '2025-06-12 08:53:47'),
(103, 34, 32, 'event', 'Left card.', '2025-06-12 08:54:32', '2025-06-12 08:54:32'),
(104, 34, 32, 'event', 'Left card.', '2025-06-12 09:11:33', '2025-06-12 09:11:33'),
(105, 34, 32, 'event', 'Left card.', '2025-06-12 09:36:54', '2025-06-12 09:36:54'),
(106, 34, 32, 'event', 'Left card.', '2025-06-12 09:37:02', '2025-06-12 09:37:02'),
(107, 34, 32, 'event', 'Left card.', '2025-06-12 09:40:02', '2025-06-12 09:40:02'),
(108, 34, 29, 'event', 'Left card.', '2025-06-12 09:42:28', '2025-06-12 09:42:28'),
(109, 34, 32, 'event', 'Left card.', '2025-06-12 09:44:07', '2025-06-12 09:44:07'),
(110, 34, 32, 'event', 'Left card.', '2025-06-12 09:44:30', '2025-06-12 09:44:30'),
(111, 34, 32, 'event', 'Left card.', '2025-06-12 09:45:42', '2025-06-12 09:45:42'),
(112, 34, 32, 'event', 'Left card.', '2025-06-12 09:46:53', '2025-06-12 09:46:53'),
(113, 34, 32, 'event', 'Left card.', '2025-06-12 09:51:01', '2025-06-12 09:51:01'),
(114, 34, 32, 'event', 'Left card.', '2025-06-12 09:54:08', '2025-06-12 09:54:08'),
(115, 34, 32, 'event', 'Left card.', '2025-06-12 09:55:20', '2025-06-12 09:55:20'),
(116, 34, 32, 'event', 'Left card.', '2025-06-12 09:56:31', '2025-06-12 09:56:31'),
(117, 34, 32, 'event', 'Left card.', '2025-06-12 09:57:31', '2025-06-12 09:57:31'),
(118, 34, 32, 'event', 'Left card.', '2025-06-12 09:59:25', '2025-06-12 09:59:25'),
(119, 34, 32, 'event', 'Left card.', '2025-06-12 10:52:49', '2025-06-12 10:52:49'),
(120, 35, 29, 'event', 'Left card.', '2025-06-19 15:45:43', '2025-06-19 15:45:43'),
(121, 36, 20, 'event', 'Created card', '2025-06-24 13:05:46', '2025-06-24 13:05:46'),
(122, 37, 20, 'event', 'Created card', '2025-07-02 16:14:28', '2025-07-02 16:14:28'),
(123, 38, 32, 'event', 'Created card', '2025-07-02 16:15:02', '2025-07-02 16:15:02'),
(124, 36, 32, 'event', 'Left card.', '2025-07-02 16:49:59', '2025-07-02 16:49:59'),
(125, 36, 32, 'event', 'Left card.', '2025-07-07 15:05:12', '2025-07-07 15:05:12'),
(126, 36, 32, 'event', 'Left card.', '2025-07-09 13:19:53', '2025-07-09 13:19:53'),
(127, 36, 32, 'event', 'Left card.', '2025-07-09 13:29:00', '2025-07-09 13:29:00'),
(128, 36, 32, 'event', 'Left card.', '2025-07-10 16:52:29', '2025-07-10 16:52:29'),
(129, 36, 32, 'event', 'Left card.', '2025-07-10 16:52:29', '2025-07-10 16:52:29'),
(130, 36, 32, 'event', 'Left card.', '2025-07-10 16:52:30', '2025-07-10 16:52:30'),
(131, 36, 32, 'event', 'Left card.', '2025-07-10 16:52:49', '2025-07-10 16:52:49'),
(132, 36, 32, 'event', 'Left card.', '2025-07-10 16:54:05', '2025-07-10 16:54:05'),
(133, 36, 32, 'event', 'Left card.', '2025-07-10 16:54:16', '2025-07-10 16:54:16'),
(138, 43, 20, 'event', 'Created card', '2025-08-28 15:00:13', '2025-08-28 15:00:13');

-- --------------------------------------------------------

--
-- Table structure for table `card_user`
--

CREATE TABLE `card_user` (
  `id` bigint(20) UNSIGNED NOT NULL,
  `user_id` bigint(20) UNSIGNED NOT NULL,
  `card_id` bigint(20) UNSIGNED NOT NULL,
  `status` enum('Member','Owner','Pending') NOT NULL DEFAULT 'Pending',
  `created_at` timestamp NULL DEFAULT NULL,
  `updated_at` timestamp NULL DEFAULT NULL
) ENGINE=InnoDB DEFAULT CHARSET=utf8mb4 COLLATE=utf8mb4_unicode_ci;

--
-- Dumping data for table `card_user`
--

INSERT INTO `card_user` (`id`, `user_id`, `card_id`, `status`, `created_at`, `updated_at`) VALUES
(46, 29, 27, 'Owner', '2025-06-03 16:11:29', '2025-06-03 16:11:29'),
(47, 29, 33, 'Owner', '2025-06-03 16:12:08', '2025-06-03 16:12:08'),
(49, 20, 35, 'Owner', '2025-06-10 09:39:46', '2025-06-10 09:39:46'),
(90, 29, 34, 'Member', '2025-06-12 09:42:36', '2025-06-12 09:42:36'),
(100, 32, 34, 'Member', '2025-06-12 16:46:03', '2025-06-12 16:46:03'),
(102, 20, 36, 'Owner', '2025-06-24 13:05:46', '2025-06-24 13:05:46'),
(103, 20, 37, 'Owner', '2025-07-02 16:14:28', '2025-07-02 16:14:28'),
(104, 32, 38, 'Owner', '2025-07-02 16:15:02', '2025-07-02 16:15:02'),
(117, 20, 43, 'Owner', '2025-08-28 15:00:13', '2025-08-28 15:00:13');

-- --------------------------------------------------------

--
-- Table structure for table `columns`
--

CREATE TABLE `columns` (
  `id` bigint(20) UNSIGNED NOT NULL,
  `name` varchar(255) NOT NULL,
  `board_id` bigint(20) UNSIGNED NOT NULL,
  `previous_id` bigint(20) UNSIGNED DEFAULT NULL,
  `next_id` bigint(20) UNSIGNED DEFAULT NULL,
  `created_at` timestamp NULL DEFAULT NULL,
  `updated_at` timestamp NULL DEFAULT NULL
) ENGINE=InnoDB DEFAULT CHARSET=utf8mb4 COLLATE=utf8mb4_unicode_ci;

--
-- Dumping data for table `columns`
--

INSERT INTO `columns` (`id`, `name`, `board_id`, `previous_id`, `next_id`, `created_at`, `updated_at`) VALUES
(16, 'asdasdsd', 20, 16, 16, '2025-06-03 16:08:03', '2025-06-04 09:12:47'),
(17, 'mnmn m', 20, 17, 17, '2025-06-03 16:11:37', '2025-06-04 12:49:34'),
(18, 'gggg', 20, NULL, NULL, '2025-06-03 16:12:15', '2025-06-04 12:49:34'),
(19, '19', 22, NULL, 21, '2025-06-24 13:05:19', '2025-07-16 15:45:52'),
(20, '20', 22, 21, NULL, '2025-07-02 16:13:52', '2025-07-16 15:45:52'),
(21, '21', 22, 19, 20, '2025-07-10 16:40:42', '2025-07-16 15:45:52'),
(23, 'acd', 125, NULL, NULL, '2025-08-28 14:36:21', '2025-08-28 14:36:21'),
(24, 'dffg', 126, NULL, 25, '2025-08-28 14:48:52', '2025-08-28 14:52:23'),
(25, 'dst', 126, 24, 26, '2025-08-28 14:52:23', '2025-08-28 14:52:26'),
(26, 'dfds', 126, 25, 27, '2025-08-28 14:52:26', '2025-08-28 14:52:29'),
(27, 'dsfdsf', 126, 26, 28, '2025-08-28 14:52:29', '2025-08-28 14:52:31'),
(28, 'dsfdf', 126, 27, 29, '2025-08-28 14:52:31', '2025-08-28 14:52:34'),
(29, 'dsfdfds', 126, 28, 30, '2025-08-28 14:52:34', '2025-08-28 14:59:29'),
(30, 'ddsad', 126, 29, 31, '2025-08-28 14:59:29', '2025-08-28 14:59:34'),
(31, 'sdsadsa', 126, 30, 32, '2025-08-28 14:59:34', '2025-08-28 14:59:39'),
(32, 'dsadsadsadsasasaa fdsfds', 126, 31, 33, '2025-08-28 14:59:39', '2025-08-28 14:59:44'),
(33, 'd fdsf  ddds ds ds s d dss fd', 126, 32, 34, '2025-08-28 14:59:44', '2025-08-28 14:59:51'),
(34, 'dds d ds fsd d dhghgfhgh gfh gf hgf hgfh gf hgfh fgg', 126, 33, 35, '2025-08-28 14:59:51', '2025-08-28 14:59:57'),
(35, 'sdssssssssssssssssssssssssssssssssssssssssssssssss', 126, 34, NULL, '2025-08-28 14:59:57', '2025-08-28 14:59:57');

-- --------------------------------------------------------

--
-- Table structure for table `failed_jobs`
--

CREATE TABLE `failed_jobs` (
  `id` bigint(20) UNSIGNED NOT NULL,
  `uuid` varchar(255) NOT NULL,
  `connection` text NOT NULL,
  `queue` text NOT NULL,
  `payload` longtext NOT NULL,
  `exception` longtext NOT NULL,
  `failed_at` timestamp NOT NULL DEFAULT current_timestamp()
) ENGINE=InnoDB DEFAULT CHARSET=utf8mb4 COLLATE=utf8mb4_unicode_ci;

-- --------------------------------------------------------

--
-- Table structure for table `lables`
--

CREATE TABLE `lables` (
  `id` int(11) NOT NULL,
  `card_id` bigint(20) UNSIGNED NOT NULL,
  `board_card_id` bigint(20) DEFAULT NULL,
  `color` varchar(225) NOT NULL,
  `title` varchar(255) DEFAULT NULL,
  `status` int(11) NOT NULL DEFAULT 1,
  `created_at` timestamp NULL DEFAULT NULL,
  `updated_at` timestamp NULL DEFAULT NULL
) ENGINE=InnoDB DEFAULT CHARSET=utf8mb4 COLLATE=utf8mb4_general_ci;

--
-- Dumping data for table `lables`
--

INSERT INTO `lables` (`id`, `card_id`, `board_card_id`, `color`, `title`, `status`, `created_at`, `updated_at`) VALUES
(16, 36, 2, '#0079bf', 'Label previewsdsd', 0, '2025-06-25 16:51:54', '2025-07-15 09:04:40'),
(17, 36, 1, '#4CD964', 'Label previe', 0, '2025-06-25 17:12:13', '2025-07-15 09:04:28'),
(73, 36, 0, '#b04632', 'hatim', 0, '2025-07-07 15:06:25', '2025-07-09 14:58:43'),
(86, 36, 0, '#0079bf', 'New Label', 0, '2025-07-09 09:14:01', '2025-07-09 14:58:50'),
(87, 36, 0, '#6b778c', 'sdasdsadsa', 0, '2025-07-09 10:40:17', '2025-07-09 13:46:14'),
(89, 36, 0, '#00c2e0', '44444444444', 0, '2025-07-09 10:44:32', '2025-07-09 10:44:32'),
(111, 34, 0, '#b04632', 'New Labelii', 1, '2025-07-15 09:27:08', '2025-07-16 10:38:38'),
(112, 35, 0, '#519839', 'New Label', 0, '2025-07-15 09:28:10', '2025-07-15 09:28:10'),
(114, 34, 0, '#61bd4f', 'New Label', 0, '2025-07-15 11:58:15', '2025-07-16 09:37:23');

-- --------------------------------------------------------

--
-- Table structure for table `migrations`
--

CREATE TABLE `migrations` (
  `id` int(10) UNSIGNED NOT NULL,
  `migration` varchar(255) NOT NULL,
  `batch` int(11) NOT NULL
) ENGINE=InnoDB DEFAULT CHARSET=utf8mb4 COLLATE=utf8mb4_unicode_ci;

--
-- Dumping data for table `migrations`
--

INSERT INTO `migrations` (`id`, `migration`, `batch`) VALUES
(1, '2014_10_12_000000_create_users_table', 1),
(2, '2014_10_12_100000_create_password_reset_tokens_table', 1),
(3, '2019_08_19_000000_create_failed_jobs_table', 1),
(4, '2019_12_14_000001_create_personal_access_tokens_table', 1),
(5, '2023_05_29_101943_create_teams_table', 1),
(6, '2023_06_02_072624_create_user_team_table', 1),
(7, '2023_06_05_042305_create_boards_table', 1),
(8, '2023_06_05_044029_create_columns_table', 1),
(9, '2023_06_06_201031_create_cards_table', 1),
(10, '2023_06_09_111220_create_card_histories_table', 1),
(11, '2023_06_09_112610_create_card_user_table', 1),
(12, '0000_00_00_000000_create_websockets_statistics_entries_table', 2),
(13, '2025_05_27_205826_create_team_invitations_table', 3);

-- --------------------------------------------------------

--
-- Table structure for table `notices`
--

CREATE TABLE `notices` (
  `id` int(11) NOT NULL,
  `card_id` int(11) NOT NULL,
  `tos` int(11) NOT NULL,
  `froms` int(11) NOT NULL,
  `title` varchar(255) DEFAULT NULL,
  `status` int(11) NOT NULL DEFAULT 0,
  `created_at` timestamp NULL DEFAULT NULL,
  `updated_at` timestamp NULL DEFAULT NULL
) ENGINE=InnoDB DEFAULT CHARSET=utf8mb4 COLLATE=utf8mb4_general_ci;

--
-- Dumping data for table `notices`
--

INSERT INTO `notices` (`id`, `card_id`, `tos`, `froms`, `title`, `status`, `created_at`, `updated_at`) VALUES
(1, 2, 1, 2, 'attachments Uploaded', 1, '2025-02-28 13:02:09', '2025-03-27 00:13:37'),
(2, 2, 3, 2, 'attachments Uploaded', 1, '2025-02-28 13:06:57', '2025-03-27 00:13:37'),
(3, 2, 3, 1, 'attachments Uploaded', 1, '2025-02-28 13:06:57', '2025-04-07 19:55:20'),
(4, 2, 3, 4, 'attachments Uploaded', 0, '2025-02-28 13:06:57', '2025-02-28 13:06:57'),
(5, 3, 1, 2, 'Comment has been done', 1, '2025-03-03 13:22:33', '2025-03-03 13:22:51'),
(6, 3, 1, 2, 'attachments Uploaded', 0, '2025-03-04 12:34:43', '2025-03-04 12:34:43'),
(7, 2, 1, 2, 'Comment has been done', 1, '2025-03-04 12:36:32', '2025-03-27 00:13:37'),
(8, 2, 1, 4, 'Comment has been done', 0, '2025-03-04 12:36:32', '2025-03-04 12:36:32'),
(9, 2, 1, 3, 'Comment has been done', 0, '2025-03-04 12:36:32', '2025-03-04 12:36:32'),
(10, 2, 20, 2, 'Comment has been done', 1, '2025-03-05 14:12:48', '2025-03-27 00:13:37'),
(11, 2, 20, 2, 'Comment has been done', 1, '2025-03-05 14:12:48', '2025-03-27 00:13:37'),
(12, 2, 20, 1, 'Comment has been done', 1, '2025-03-05 14:12:48', '2025-04-07 19:55:20'),
(13, 2, 20, 1, 'Comment has been done', 1, '2025-03-05 14:12:48', '2025-04-07 19:55:20'),
(14, 2, 20, 4, 'Comment has been done', 0, '2025-03-05 14:12:48', '2025-03-05 14:12:48'),
(15, 2, 20, 4, 'Comment has been done', 0, '2025-03-05 14:12:48', '2025-03-05 14:12:48'),
(16, 2, 20, 3, 'Comment has been done', 0, '2025-03-05 14:12:48', '2025-03-05 14:12:48'),
(17, 2, 20, 3, 'Comment has been done', 0, '2025-03-05 14:12:48', '2025-03-05 14:12:48'),
(18, 9, 1, 2, 'Comment has been done', 0, '2025-03-06 16:34:50', '2025-03-06 16:34:50'),
(19, 2, 1, 2, 'Comment has been done', 1, '2025-03-11 23:46:52', '2025-03-27 00:13:37'),
(20, 2, 1, 20, 'Comment has been done', 1, '2025-03-11 23:46:52', '2025-03-27 01:17:16'),
(21, 2, 1, 2, 'Comment has been done', 1, '2025-03-11 23:47:23', '2025-03-27 00:13:37'),
(22, 2, 1, 20, 'Comment has been done', 1, '2025-03-11 23:47:23', '2025-03-27 01:17:16'),
(23, 3, 1, 2, 'Comment has been done', 0, '2025-03-14 00:54:32', '2025-03-14 00:54:32'),
(24, 3, 1, 21, 'Comment has been done', 1, '2025-03-14 00:54:32', '2025-03-14 21:09:50'),
(25, 3, 21, 2, 'Comment has been done', 0, '2025-03-14 00:54:36', '2025-03-14 00:54:36'),
(26, 3, 21, 1, 'Comment has been done', 1, '2025-03-14 00:54:36', '2025-03-26 22:01:29'),
(27, 3, 21, 2, 'Comment has been done', 0, '2025-03-14 00:55:10', '2025-03-14 00:55:10'),
(28, 3, 21, 1, 'Comment has been done', 1, '2025-03-14 00:55:10', '2025-03-26 22:01:29'),
(29, 3, 21, 2, 'Comment has been done', 0, '2025-03-14 00:56:19', '2025-03-14 00:56:19'),
(30, 3, 21, 1, 'Comment has been done', 1, '2025-03-14 00:56:19', '2025-03-26 22:01:29'),
(31, 2, 20, 2, 'Comment has been done', 1, '2025-03-27 00:08:18', '2025-03-27 00:13:37'),
(32, 2, 20, 1, 'Comment has been done', 1, '2025-03-27 00:08:18', '2025-04-07 19:55:20'),
(33, 2, 20, 2, 'Comment has been done', 1, '2025-03-27 00:08:48', '2025-03-27 00:13:37'),
(34, 2, 20, 1, 'Comment has been done', 1, '2025-03-27 00:08:48', '2025-04-07 19:55:20'),
(35, 2, 1, 2, 'Comment has been done', 0, '2025-03-27 00:13:58', '2025-03-27 00:13:58'),
(36, 2, 1, 20, 'Comment has been done', 1, '2025-03-27 00:13:58', '2025-03-27 01:17:16'),
(37, 2, 2, 1, 'Comment has been done', 1, '2025-03-27 00:19:06', '2025-04-07 19:55:20'),
(38, 2, 2, 20, 'Comment has been done', 1, '2025-03-27 00:19:06', '2025-03-27 01:17:16'),
(39, 2, 20, 2, 'Comment has been done', 0, '2025-03-27 00:19:31', '2025-03-27 00:19:31'),
(40, 2, 20, 1, 'Comment has been done', 1, '2025-03-27 00:19:31', '2025-04-07 19:55:20'),
(41, 14, 21, 1, 'Comment has been done', 1, '2025-03-27 00:24:06', '2025-03-27 00:37:36'),
(42, 14, 21, 7, 'Comment has been done', 0, '2025-03-27 00:24:06', '2025-03-27 00:24:06'),
(43, 14, 21, 20, 'Comment has been done', 1, '2025-03-27 00:24:06', '2025-03-27 00:32:03'),
(44, 14, 20, 21, 'Comment has been done', 0, '2025-03-27 00:24:31', '2025-03-27 00:24:31'),
(45, 14, 20, 1, 'Comment has been done', 1, '2025-03-27 00:24:31', '2025-03-27 00:37:36'),
(46, 14, 20, 7, 'Comment has been done', 0, '2025-03-27 00:24:31', '2025-03-27 00:24:31'),
(47, 14, 21, 1, 'Comment has been done', 1, '2025-03-27 00:24:52', '2025-03-27 00:37:36'),
(48, 14, 21, 7, 'Comment has been done', 0, '2025-03-27 00:24:52', '2025-03-27 00:24:52'),
(49, 14, 21, 20, 'Comment has been done', 1, '2025-03-27 00:24:52', '2025-03-27 00:32:03'),
(50, 14, 21, 1, 'Comment has been done', 1, '2025-03-27 00:25:10', '2025-03-27 00:37:36'),
(51, 14, 21, 7, 'Comment has been done', 0, '2025-03-27 00:25:10', '2025-03-27 00:25:10'),
(52, 14, 21, 20, 'Comment has been done', 1, '2025-03-27 00:25:10', '2025-03-27 00:32:03'),
(53, 14, 20, 21, 'Comment has been done', 0, '2025-03-27 00:25:33', '2025-03-27 00:25:33'),
(54, 14, 20, 1, 'Comment has been done', 1, '2025-03-27 00:25:33', '2025-03-27 00:37:36'),
(55, 14, 20, 7, 'Comment has been done', 0, '2025-03-27 00:25:34', '2025-03-27 00:25:34'),
(56, 14, 20, 21, 'Comment has been done', 0, '2025-03-27 00:25:45', '2025-03-27 00:25:45'),
(57, 14, 20, 1, 'Comment has been done', 1, '2025-03-27 00:25:45', '2025-03-27 00:37:36'),
(58, 14, 20, 7, 'Comment has been done', 0, '2025-03-27 00:25:45', '2025-03-27 00:25:45'),
(59, 14, 20, 21, 'Comment has been done', 0, '2025-03-27 00:25:46', '2025-03-27 00:25:46'),
(60, 14, 20, 1, 'Comment has been done', 1, '2025-03-27 00:25:46', '2025-03-27 00:37:36'),
(61, 14, 20, 7, 'Comment has been done', 0, '2025-03-27 00:25:46', '2025-03-27 00:25:46'),
(62, 14, 20, 21, 'Comment has been done', 0, '2025-03-27 00:26:06', '2025-03-27 00:26:06'),
(63, 14, 20, 1, 'Comment has been done', 1, '2025-03-27 00:26:06', '2025-03-27 00:37:36'),
(64, 14, 20, 7, 'Comment has been done', 0, '2025-03-27 00:26:06', '2025-03-27 00:26:06'),
(65, 14, 20, 21, 'Comment has been done', 0, '2025-03-27 00:26:06', '2025-03-27 00:26:06'),
(66, 14, 20, 1, 'Comment has been done', 1, '2025-03-27 00:26:06', '2025-03-27 00:37:36'),
(67, 14, 20, 7, 'Comment has been done', 0, '2025-03-27 00:26:06', '2025-03-27 00:26:06'),
(68, 14, 21, 1, 'Comment has been done', 1, '2025-03-27 00:26:07', '2025-03-27 00:37:36'),
(69, 14, 21, 7, 'Comment has been done', 0, '2025-03-27 00:26:07', '2025-03-27 00:26:07'),
(70, 14, 21, 20, 'Comment has been done', 1, '2025-03-27 00:26:07', '2025-03-27 00:32:03'),
(71, 14, 20, 21, 'Comment has been done', 0, '2025-03-27 00:26:07', '2025-03-27 00:26:07'),
(72, 14, 20, 1, 'Comment has been done', 1, '2025-03-27 00:26:07', '2025-03-27 00:37:36'),
(73, 14, 20, 7, 'Comment has been done', 0, '2025-03-27 00:26:07', '2025-03-27 00:26:07'),
(74, 14, 20, 21, 'Comment has been done', 0, '2025-03-27 00:26:07', '2025-03-27 00:26:07'),
(75, 14, 20, 1, 'Comment has been done', 1, '2025-03-27 00:26:07', '2025-03-27 00:37:36'),
(76, 14, 20, 7, 'Comment has been done', 0, '2025-03-27 00:26:07', '2025-03-27 00:26:07'),
(77, 14, 20, 21, 'Comment has been done', 0, '2025-03-27 00:26:47', '2025-03-27 00:26:47'),
(78, 14, 20, 1, 'Comment has been done', 1, '2025-03-27 00:26:47', '2025-03-27 00:37:36'),
(79, 14, 20, 7, 'Comment has been done', 0, '2025-03-27 00:26:47', '2025-03-27 00:26:47'),
(80, 14, 21, 1, 'Comment has been done', 1, '2025-03-27 00:26:49', '2025-03-27 00:37:36'),
(81, 14, 21, 7, 'Comment has been done', 0, '2025-03-27 00:26:49', '2025-03-27 00:26:49'),
(82, 14, 21, 20, 'Comment has been done', 1, '2025-03-27 00:26:49', '2025-03-27 00:32:03'),
(83, 2, 1, 2, 'Comment has been done', 0, '2025-04-07 19:55:35', '2025-04-07 19:55:35'),
(84, 2, 1, 20, 'Comment has been done', 0, '2025-04-07 19:55:35', '2025-04-07 19:55:35'),
(85, 2, 1, 2, 'Comment has been done', 0, '2025-04-07 20:07:17', '2025-04-07 20:07:17'),
(86, 2, 1, 20, 'Comment has been done', 0, '2025-04-07 20:07:17', '2025-04-07 20:07:17'),
(87, 36, 20, 32, 'Comment has been done', 1, '2025-07-10 12:49:50', '2025-07-17 16:38:04'),
(88, 36, 20, 32, 'Comment has been done', 1, '2025-07-10 12:50:51', '2025-07-17 16:38:04'),
(89, 36, 32, 29, 'Comment has been done', 0, '2025-07-10 13:59:17', '2025-07-10 13:59:17'),
(90, 36, 32, 20, 'Comment has been done', 1, '2025-07-10 14:05:39', '2025-07-17 13:24:07'),
(91, 36, 20, 32, 'Comment has been done', 1, '2025-07-10 14:10:31', '2025-07-17 16:38:04'),
(92, 36, 20, 32, 'Comment has been done', 1, '2025-07-10 15:54:41', '2025-07-17 16:38:04'),
(93, 36, 20, 32, 'Comment has been done', 1, '2025-07-10 15:54:51', '2025-07-17 16:38:04'),
(94, 36, 20, 32, 'Comment has been done', 1, '2025-07-10 15:55:36', '2025-07-17 16:38:04'),
(95, 36, 20, 32, 'Comment has been done', 1, '2025-07-10 15:59:12', '2025-07-17 16:38:04'),
(96, 36, 20, 32, 'Comment has been done', 1, '2025-07-10 16:00:04', '2025-07-17 16:38:04'),
(97, 36, 20, 32, 'Comment has been done', 1, '2025-07-10 16:00:35', '2025-07-17 16:38:04'),
(98, 36, 20, 32, 'Comment has been done', 1, '2025-07-10 16:00:42', '2025-07-17 16:38:04'),
(99, 36, 20, 32, 'Comment has been done', 1, '2025-07-10 16:00:54', '2025-07-17 16:38:04'),
(100, 36, 20, 32, 'Comment has been done', 1, '2025-07-10 17:53:36', '2025-07-17 16:38:04'),
(101, 36, 32, 20, 'Comment has been done', 1, '2025-07-10 17:53:52', '2025-07-17 13:24:07'),
(102, 36, 20, 32, 'Comment has been done', 1, '2025-07-10 17:54:19', '2025-07-17 16:38:04'),
(103, 36, 32, 20, 'Comment has been done', 1, '2025-07-10 17:54:38', '2025-07-17 13:24:07'),
(104, 36, 20, 32, 'Comment has been done', 1, '2025-07-10 17:54:53', '2025-07-17 16:38:04'),
(105, 36, 32, 20, 'Comment has been done', 1, '2025-07-10 17:54:57', '2025-07-17 13:24:07'),
(106, 36, 20, 32, 'Comment has been done', 1, '2025-07-10 17:55:01', '2025-07-17 16:38:04');

-- --------------------------------------------------------

--
-- Table structure for table `password_reset_tokens`
--

CREATE TABLE `password_reset_tokens` (
  `email` varchar(255) NOT NULL,
  `token` varchar(255) NOT NULL,
  `created_at` timestamp NULL DEFAULT NULL
) ENGINE=InnoDB DEFAULT CHARSET=utf8mb4 COLLATE=utf8mb4_unicode_ci;

-- --------------------------------------------------------

--
-- Table structure for table `personal_access_tokens`
--

CREATE TABLE `personal_access_tokens` (
  `id` bigint(20) UNSIGNED NOT NULL,
  `tokenable_type` varchar(255) NOT NULL,
  `tokenable_id` bigint(20) UNSIGNED NOT NULL,
  `name` varchar(255) NOT NULL,
  `token` varchar(64) NOT NULL,
  `abilities` text DEFAULT NULL,
  `last_used_at` timestamp NULL DEFAULT NULL,
  `expires_at` timestamp NULL DEFAULT NULL,
  `created_at` timestamp NULL DEFAULT NULL,
  `updated_at` timestamp NULL DEFAULT NULL
) ENGINE=InnoDB DEFAULT CHARSET=utf8mb4 COLLATE=utf8mb4_unicode_ci;

-- --------------------------------------------------------

--
-- Table structure for table `teams`
--

CREATE TABLE `teams` (
  `id` bigint(20) UNSIGNED NOT NULL,
  `name` varchar(255) NOT NULL,
  `description` varchar(255) DEFAULT NULL,
  `image_path` varchar(255) DEFAULT NULL,
  `pattern` varchar(255) DEFAULT NULL,
  `created_at` timestamp NULL DEFAULT NULL,
  `updated_at` timestamp NULL DEFAULT NULL
) ENGINE=InnoDB DEFAULT CHARSET=utf8mb4 COLLATE=utf8mb4_unicode_ci;

--
-- Dumping data for table `teams`
--

INSERT INTO `teams` (`id`, `name`, `description`, `image_path`, `pattern`, `created_at`, `updated_at`) VALUES
(2, 'Frawncis', 'Team for the Frwncis web application, lab assingment project.', NULL, 'isometric', '2025-02-07 13:25:13', '2025-02-07 13:25:13'),
(3, 'Adins', 'Team repository for Adicipta Inovasi mobile division group.', NULL, 'wavy', '2025-02-07 13:25:13', '2025-02-07 13:25:13'),
(4, 'Laravel', 'Taskly team for opn source Laravel application.', NULL, 'circle', '2025-02-07 13:25:13', '2025-02-07 13:25:13'),
(5, 'WB Tech', 'there are expert people', 'storage/upload/image/at9FBd5huac2gUi9CyDjXBibGzWrHTRV0L0X9YsE.png', 'line-bold-horizontal', '2025-03-03 13:29:21', '2025-03-03 13:30:57'),
(6, 'new team', 'dasdas', NULL, 'line-thin-diagonal', '2025-03-04 17:12:43', '2025-03-04 17:12:43'),
(7, 'UPWORK', 'PRODUCTION', NULL, 'zig-zag', '2025-05-02 23:50:00', '2025-05-02 23:50:00'),
(8, 'ALPHA', 'FARIGH', NULL, 'isometric', '2025-05-02 23:56:55', '2025-05-02 23:56:55'),
(9, 'new', NULL, NULL, NULL, '2025-05-30 15:25:46', '2025-05-30 15:25:46'),
(10, 'uzair', NULL, NULL, NULL, '2025-06-03 10:30:12', '2025-06-03 10:30:12'),
(11, 'hamza', NULL, NULL, NULL, '2025-06-03 12:58:24', '2025-06-03 12:58:24'),
(12, 'muzammil', NULL, NULL, NULL, '2025-07-11 08:52:27', '2025-07-11 08:52:27'),
(13, 'hatim noor', NULL, NULL, NULL, '2025-07-14 08:23:14', '2025-07-14 08:23:14'),
(14, 'Wasay', NULL, NULL, NULL, '2025-07-17 14:36:54', '2025-07-17 14:36:54');

-- --------------------------------------------------------

--
-- Table structure for table `team_invitations`
--

CREATE TABLE `team_invitations` (
  `id` bigint(20) UNSIGNED NOT NULL,
  `team_id` bigint(20) UNSIGNED NOT NULL,
  `email` varchar(255) NOT NULL,
  `token` varchar(255) DEFAULT NULL,
  `board_id` varchar(11) DEFAULT NULL,
  `team_role` varchar(14) DEFAULT NULL,
  `board_role` varchar(14) DEFAULT NULL,
  `status` enum('pending','accepted','expired') NOT NULL DEFAULT 'pending',
  `created_at` timestamp NULL DEFAULT NULL,
  `updated_at` timestamp NULL DEFAULT NULL
) ENGINE=InnoDB DEFAULT CHARSET=utf8mb4 COLLATE=utf8mb4_unicode_ci;

--
-- Dumping data for table `team_invitations`
--

INSERT INTO `team_invitations` (`id`, `team_id`, `email`, `token`, `board_id`, `team_role`, `board_role`, `status`, `created_at`, `updated_at`) VALUES
(1, 6, 'hatims15@outlook.com', NULL, '', NULL, NULL, 'pending', '2025-05-29 14:19:33', '2025-05-29 14:19:33'),
(2, 6, 'Upntsu@outlook.com', NULL, '', NULL, NULL, 'pending', '2025-06-03 10:21:51', '2025-06-03 10:21:51');

-- --------------------------------------------------------

--
-- Table structure for table `uploads`
--

CREATE TABLE `uploads` (
  `id` int(11) NOT NULL,
  `card_id` int(11) NOT NULL,
  `file_path` varchar(225) NOT NULL,
  `original_name` varchar(255) DEFAULT NULL,
  `f_cover` int(11) NOT NULL DEFAULT 0,
  `created_at` timestamp NULL DEFAULT NULL,
  `updated_at` timestamp NULL DEFAULT NULL
) ENGINE=InnoDB DEFAULT CHARSET=utf8mb4 COLLATE=utf8mb4_general_ci;

--
-- Dumping data for table `uploads`
--

INSERT INTO `uploads` (`id`, `card_id`, `file_path`, `original_name`, `f_cover`, `created_at`, `updated_at`) VALUES
(1, 2, 'uploads/O5GH3Z9yKj09K1zwp2NLF2KmOsGlihu6PHDASoNm.png', NULL, 0, '2025-02-14 14:15:32', '2025-02-14 14:15:32'),
(2, 2, 'uploads/x8g5iJjSAjJBRscwAiKkxYPMEhhUAdQkhkeXg5x6.jpg', NULL, 0, '2025-02-19 09:22:20', '2025-02-19 09:22:20'),
(3, 2, 'uploads/5K2C7ci04GQojkWJz1cqzpLVZGW2GyMzalN3IJ45.jpg', NULL, 0, '2025-02-26 15:57:57', '2025-02-26 15:57:57'),
(4, 2, 'uploads/f5Wn2Rd56u443qqWmYB3RuYOBFejg4A5whkWFkkB.png', NULL, 0, '2025-02-28 12:57:15', '2025-02-28 12:57:15'),
(5, 2, 'uploads/k3BVXtEhGqRtqXbunsukpCvyTzjpAbUCMqXXYRiR.png', NULL, 0, '2025-02-28 13:00:05', '2025-02-28 13:00:05'),
(6, 2, 'uploads/livc0FXyZbpTxqpL3doZv64miKZzglJdDPGkVtQT.png', NULL, 0, '2025-02-28 13:02:09', '2025-02-28 13:02:09'),
(7, 2, 'uploads/MqQrvai8oa68nuzmvBxfdldJuL7yLMWJWKO8D1Do.jpg', NULL, 0, '2025-02-28 13:06:57', '2025-02-28 13:06:57'),
(8, 3, 'uploads/0Q3rVU8Bw3jtxjDbMJ835kY4qx65UxRFSlf0xydI.png', NULL, 0, '2025-03-04 12:34:43', '2025-03-04 12:34:43'),
(9, 14, 'uploads/dqEcD2eo6WCCoxoE3BR0af1E9W8QV6xz06UHVFyq.png', NULL, 0, '2025-03-17 21:46:19', '2025-03-17 21:46:19'),
(10, 23, 'uploads/9ESxWOw1ISmThYwsza0uMZjVnNJvH5a7aOLExGI9.jpg', NULL, 0, '2025-05-29 11:33:41', '2025-05-29 11:33:41'),
(32, 34, 'attachments/HiZMg3cJIeG1Lni7Km5GqzVqvSur3cfHJlt5WJIn.pdf', 'Untitled document (1).pdf', 0, '2025-06-18 13:08:01', '2025-06-18 13:08:01'),
(37, 34, 'attachments/mu6V1k44zjObb98ovbvB5zSpliZ6wdoGSUEP0pH2.pdf', 'Untitled document (2).pdf', 0, '2025-06-18 13:12:38', '2025-06-18 13:12:38'),
(80, 34, 'attachments/AtoBM7NnETzo34Y9UpNaw7ub9yIjMI2hD4ttVnYi.jpg', 'Artboard 1 copy 5.jpg', 0, '2025-06-19 13:21:12', '2025-07-15 16:53:20'),
(90, 34, 'attachments/L0hca1Oe5HaKeUe25y3cIu4g3UKrbEi5OIQEHmKf.webp', 'link_icon.webp', 0, '2025-06-19 13:40:35', '2025-07-16 09:33:59'),
(99, 34, 'attachments/CeNAcnuD6Ny3cnWGkefWlgF1PvhnLU8LGLYXycXz.jpg', 'Artboard 1 (1).jpg', 0, '2025-06-19 14:12:40', '2025-07-16 09:34:08'),
(100, 34, 'attachments/gtz0zq9ggwyfLjScdXfnzbuAZlxp03epdwh6MB8q.png', 'sOA5sLnjXdYFP9XMekl2tTgWyCX18rmg1uiEa2jy.png', 0, '2025-06-19 14:13:06', '2025-07-16 09:34:12'),
(101, 34, 'attachments/5WLOLO6Kr7prqGhzALwBhJUpRsBmARVycLpNuPC4.jpg', 'Artboard 2 (1).jpg', 1, '2025-06-19 14:15:07', '2025-07-16 09:34:12'),
(102, 34, 'attachments/UHJmcGZUvDIHtb8dg1ZkzMl4mOcbfyV4to5JSJ54.png', 'image (4).png', 0, '2025-06-19 14:17:16', '2025-06-19 14:17:16'),
(103, 34, 'attachments/devi82Kz9uw3zOLhPS6MOVrK4onyVwdCBRa72GcB.png', 'MGqOiILxnWvrnmhnIEuiRxrefKD7iSJljxu9LpnU.png', 0, '2025-06-19 14:24:38', '2025-07-15 16:48:46'),
(104, 34, 'attachments/iodyrl7S3ZrxQCnW1XnBAIckKnOWrc474hmdbsWT.pdf', 'Untitled document (2).pdf', 0, '2025-06-19 14:51:55', '2025-06-19 14:51:55'),
(105, 34, 'attachments/oObOzYRFp2Cf625uax7eJ69cdSKNCYjeBKySAv5E.gif', 'ezgif-7b52efa7a1e9a9.gif', 0, '2025-06-19 14:59:35', '2025-06-19 14:59:35'),
(106, 34, 'attachments/80TChTFP0eaPaeidCb5adD3t5X47ey97ktt7kHJH.jpg', 'WhatsApp Image 2025-06-14 at 00.32.58_e02ab887.jpg', 0, '2025-06-19 15:03:09', '2025-06-19 15:03:09'),
(107, 34, 'attachments/w0yzJFGaHHTmIwrtcl5JMpn8fkWwODWl5IvbcYO9.pdf', 'Untitled document (2).pdf', 0, '2025-06-19 15:22:18', '2025-06-19 15:22:18'),
(109, 35, 'attachments/mupKHvh5PKE5GI2AWMR4QS4WiF4xc0JKXiV70LYb.gif', 'MIjKKYM1P8XQlbdoUnR4ijNplP0m2cpMULqJ4Zy1.gif', 0, '2025-06-19 15:29:10', '2025-06-23 16:51:20'),
(113, 35, 'attachments/vATaw3BMtpmD0H3LVzohyI40iixSDdu3CyBbeRil.jpg', 'WhatsApp Image 2025-06-14 at 00.32.58_e02ab887.jpg', 1, '2025-06-19 15:38:10', '2025-06-23 16:59:19'),
(114, 35, 'attachments/AodAsMaEiCCf34D1Lz1of14KWpOraEQsveaqz9J2.gif', '1702718329Nut-Cracker.gif', 0, '2025-06-19 15:40:08', '2025-06-23 16:59:19'),
(120, 36, 'attachments/HjT8okodc0RsbzoVHQVTYBNVsDWzm3rmYxJBFVba.jpg', 'Frame 48.jpg', 0, '2025-07-02 16:57:23', '2025-07-02 16:57:23'),
(121, 36, 'attachments/DotSQCjyvsLuaIfX6aXB0bN4v7gLSXewnbR7V4PY.jpg', 'Frame 47.jpg', 0, '2025-07-02 16:57:23', '2025-07-02 16:57:23'),
(124, 36, 'attachments/tplIsvFsgv6g9FIQEm0C0Gz0eFHpAHtkCvrq6ios.png', 'image (5).png', 0, '2025-07-07 15:04:57', '2025-07-07 15:04:57'),
(125, 36, 'attachments/lCVweHn19WRqKWxyb31ETjxf0PB6NsX9jQwQPZoM.png', 'image (5).png', 0, '2025-07-07 15:55:10', '2025-07-07 15:55:10'),
(126, 36, 'attachments/FzXMEdOPBkTKQJGGl5TuClS2WWVDsZWe9aR6jZuN.jpg', 'Frame 45.jpg', 0, '2025-07-07 15:55:39', '2025-07-07 15:55:39'),
(127, 36, 'attachments/3kCNbvNt3Qh7jf2QlBqt1fT1KeFmTbvLPzRz0Sxi.jpg', 'Group 87.jpg', 1, '2025-07-07 15:57:58', '2025-07-09 13:25:31'),
(131, 36, 'attachments/0nIa1Iww22pbjwAap9Ayu0k8DwTntIAihRtCwIyy.jpg', 'Artboard 1 (1).jpg', 0, '2025-07-08 13:21:03', '2025-07-09 13:25:31'),
(132, 36, 'attachments/ZwIfyl6rXMJg5BiR4pxRLiq9t03qpHLCZkMLSPpB.webp', 'star.webp', 0, '2025-07-09 13:23:22', '2025-07-09 13:23:22'),
(133, 36, 'attachments/2YUn0WlzsW2IXEFJ7zMWWg8pxpE4PxbXlWMfNTWS.jpg', 'Frame 45.jpg', 0, '2025-07-09 13:25:54', '2025-07-09 13:25:54'),
(134, 36, 'attachments/L6Zb4yThkHMzAxmOa4m1hyr8XftRjnkqQApF215N.png', 'image 40.png', 0, '2025-07-09 16:11:16', '2025-07-09 16:11:16'),
(135, 34, 'attachments/LD0FOyBBKldLgORqkSzmmfUWkmm4rMQ0lCZmNpNr.jpg', 'Login.JPG', 0, '2025-07-15 13:52:47', '2025-07-16 09:33:53'),
(137, 38, 'attachments/JCf5Hwys6KjBjzj14sqkMaj83TReZGF8hIe0p0KY.jpg', 'mj-banner-2.jpg', 0, '2025-07-21 08:22:55', '2025-07-21 08:49:09'),
(138, 38, 'attachments/XYb5RLILIdO2xN6sAttYV0ca4XzJyLn2vrzIZcZ8.jpg', 'download.jpg', 0, '2025-07-21 08:41:18', '2025-07-21 08:45:43');

-- --------------------------------------------------------

--
-- Table structure for table `users`
--

CREATE TABLE `users` (
  `id` bigint(20) UNSIGNED NOT NULL,
  `name` varchar(255) NOT NULL,
  `email` varchar(255) NOT NULL,
  `password` varchar(255) NOT NULL,
  `is_active` tinyint(1) NOT NULL DEFAULT 1,
  `image_path` varchar(255) DEFAULT NULL,
  `google_id` varchar(255) DEFAULT NULL,
  `email_verified_at` timestamp NULL DEFAULT NULL,
  `remember_token` varchar(100) DEFAULT NULL,
  `created_at` timestamp NULL DEFAULT NULL,
  `updated_at` timestamp NULL DEFAULT NULL
) ENGINE=InnoDB DEFAULT CHARSET=utf8mb4 COLLATE=utf8mb4_unicode_ci;

--
-- Dumping data for table `users`
--

INSERT INTO `users` (`id`, `name`, `email`, `password`, `is_active`, `image_path`, `google_id`, `email_verified_at`, `remember_token`, `created_at`, `updated_at`) VALUES
(1, 'William Kurnia', 'william@email.com', '$2y$10$GkZeUL3Z.dEiha3c7eSIz.HDHZsqAWJyWgDFoswkZnCV2u1Rt1vN2', 1, 'image/user/1740692190_blob', '0', NULL, 'xJEPkyMZL69fKO3p42fUvG7b5Esd3nEy1MSryxczt300pEcfi1qvVyyYYFZw', '2025-02-07 13:25:12', '2025-07-18 13:01:57'),
(2, 'Sevien', 'sevien@email.com', '$2y$10$OLg6M9WPDkOUVv9pMAh83OWwwG2hcavjBM9yLl.hZhx/SDJt0rprW', 1, 'image/user/1.png', '0', NULL, NULL, '2025-02-07 13:25:12', '2025-02-07 13:25:12'),
(3, 'Farhan Ardiansyah', 'farhan@email.com', '$2y$10$KaDhRS1qZfb2d2eAxJX2TuPNkPvrdwZQ1eJGH5y.k77Cr0/urzpRa', 1, NULL, '0', NULL, NULL, '2025-02-07 13:25:12', '2025-02-07 13:25:12'),
(4, 'M. Daffa Syamsuddin', 'daffa@email.com', '$2y$10$cFAuiuzNZV/oaZCeSWZOAO0OGuPPaTx0PCnD5qrphWwShAS0.n0oS', 1, NULL, '0', NULL, NULL, '2025-02-07 13:25:12', '2025-02-07 13:25:12'),
(5, 'Filipus Bramantyo Meridivitanto', 'filipus@email.com', '$2y$10$ZsmDZvwex9QX7hI02ERpq.0K9UW6ZHxmaDN99q37oLVB6RPyHCTRO', 1, 'image/user/2.jpg', '0', NULL, NULL, '2025-02-07 13:25:12', '2025-02-07 13:25:12'),
(6, 'Guido Owen Lwinatoro', 'owen@email.com', '$2y$10$oI/GH4BVSKInWRJXMl.YYuwmf34VeA/4NTJ1Sc5G4zFJLGXzRNH8C', 1, 'image/user/3.jpg', '0', NULL, NULL, '2025-02-07 13:25:12', '2025-02-07 13:25:12'),
(7, 'Test Name', 'test@email.com', '$2y$10$rWPNHcMCndwbBj2KiJVY2e/Oe2BtylexUvopDoWZZBcei59y2BpB.', 1, NULL, '0', NULL, NULL, '2025-02-07 13:25:13', '2025-02-07 13:25:13'),
(8, 'Test Second Name', 'test2@email.com', '$2y$10$Sp3iweSc3BxyfwkqDZ7g..VdocP3sEJjms5xbY6k/5.ttsMy2gdx2', 0, NULL, '0', NULL, NULL, '2025-02-07 13:25:13', '2025-02-07 13:25:13'),
(20, 'hatim noor', 'hatimnoor47@gmail.com', '$2y$10$TmGMaiLi78ILTlRkqIyiGuT7Z7t1brmRpomM.XRiuS9cUQz1McCxS', 1, 'image/user/1741893114_blob', '103097563685042598238', NULL, NULL, '2025-03-04 16:57:20', '2025-08-28 10:33:05'),
(21, 'Ali Sonija', 'alisonija565@gmail.com', '$2y$10$Ea9ZA1bqubKzlNslXxF.m.qxwk7hOJBKAoHQqTmCsbJROvRHcp7fK', 1, 'image/user/1746216296_blob', '112980696284657432252', NULL, NULL, '2025-03-14 00:52:08', '2025-05-03 00:09:26'),
(22, 'Sasha Chase', 'vosew@mailinator.com', '$2y$10$9aPYdmebklG.Se3SJydx5OMQfa23BwQm.zP/hP24SPCgd3FSCLcDa', 1, NULL, NULL, NULL, NULL, '2025-04-18 20:32:36', '2025-04-18 20:44:04'),
(23, 'abdullah wbtech', 'abdullahwbtech@gmail.com', '$2y$10$F8rxt7P6rYLzM1kgg1KD9.2a3DytIp5MG6jy92cv4pu6klxmKujvG', 1, 'image/user/1746215135_blob', '112282182185659630242', NULL, NULL, '2025-05-02 23:42:31', '2025-05-02 23:47:30'),
(24, 'Bilal Ghori', 'harrybilal2@gmail.com', '$2y$10$b/4rOmb8eQhgx20.gU7N1us.2N4Hl/8E03XThu5SQjOzre4cGAv/6', 1, NULL, '115714652877821596996', NULL, NULL, '2025-05-02 23:54:08', '2025-05-02 23:54:52'),
(25, 'Wasay Alvi', 'wasayalvi458@gmail.com', '$2y$10$37Gfze47wEkKJZAw1lvwies2SRJak8uTeHe7XAVr0hjL80KTrWnbW', 1, NULL, '113450653747612061151', NULL, NULL, '2025-05-03 00:02:15', '2025-05-03 00:02:15'),
(28, 'new', 'hatims15@outlook.com', '$2y$10$u5murc.6oR1gzXwKChnek.B5F2oBJ8A3hdICpE0q8WBcW.n59aOb6', 1, NULL, NULL, NULL, NULL, '2025-05-29 15:08:58', '2025-05-29 15:08:58'),
(29, 'hamza', 'Upntsu@outlook.com', '$2y$10$hM6ewob0F0cfh8S7JI4z/ONuVYh9.Jg7TXnx6xgWoXgk3BsjddGMC', 1, NULL, NULL, NULL, '7nAIDN02clQDYwFX9ZOKu9fGTmhOXxhqAXW86aFca3rnDVMcAkIKuzlnQo7v', '2025-06-03 10:22:24', '2025-06-03 10:22:24'),
(32, 'uzairas', 'activeheroo@outlook.com', '$2y$10$7FmHLGPX7UpLwfvap7mQAeE48fGXZWrc8farMHcvF18eIjpXC0N.y', 1, 'image/user/1752875692_blob', NULL, NULL, NULL, '2025-06-03 10:30:12', '2025-07-18 16:54:52'),
(34, 'muzammil', 'muzammiltabani133@gmail.com', '$2y$10$6ZNOJ0NSpNc9jxMqBKDCBOs4tU89PfD3nzesQSJpNJzgumI57ZfMm', 1, NULL, NULL, NULL, NULL, '2025-07-11 08:52:27', '2025-07-11 08:52:27');

-- --------------------------------------------------------

--
-- Table structure for table `user_team`
--

CREATE TABLE `user_team` (
  `id` bigint(20) UNSIGNED NOT NULL,
  `user_id` bigint(20) UNSIGNED NOT NULL,
  `team_id` bigint(20) UNSIGNED NOT NULL,
  `status` enum('Member','Owner','Pending') NOT NULL DEFAULT 'Pending',
  `created_at` timestamp NULL DEFAULT NULL,
  `updated_at` timestamp NULL DEFAULT NULL
) ENGINE=InnoDB DEFAULT CHARSET=utf8mb4 COLLATE=utf8mb4_unicode_ci;

--
-- Dumping data for table `user_team`
--

INSERT INTO `user_team` (`id`, `user_id`, `team_id`, `status`, `created_at`, `updated_at`) VALUES
(6, 1, 2, 'Owner', '2025-02-07 13:25:13', '2025-02-07 13:25:13'),
(7, 4, 2, 'Member', '2025-02-07 13:25:13', '2025-02-07 13:25:13'),
(8, 7, 2, 'Pending', '2025-02-07 13:25:13', '2025-02-07 13:25:13'),
(9, 5, 3, 'Owner', '2025-02-07 13:25:13', '2025-02-07 13:25:13'),
(10, 6, 3, 'Member', '2025-02-07 13:25:13', '2025-02-07 13:25:13'),
(11, 7, 3, 'Member', '2025-02-07 13:25:13', '2025-02-07 13:25:13'),
(12, 1, 3, 'Member', '2025-02-07 13:25:13', '2025-06-02 13:24:39'),
(13, 7, 4, 'Owner', '2025-02-07 13:25:13', '2025-02-07 13:25:13'),
(14, 5, 4, 'Member', '2025-02-07 13:25:13', '2025-02-07 13:25:13'),
(15, 6, 4, 'Member', '2025-02-07 13:25:13', '2025-02-07 13:25:13'),
(16, 1, 4, 'Member', '2025-02-07 13:25:13', '2025-02-26 16:05:57'),
(17, 5, 2, 'Member', '2025-02-26 16:07:46', '2025-02-26 16:08:45'),
(19, 2, 5, 'Owner', '2025-03-03 13:29:21', '2025-03-03 13:29:21'),
(24, 20, 2, 'Pending', '2025-05-02 20:37:27', '2025-05-02 20:37:27'),
(25, 20, 4, 'Pending', '2025-05-02 22:07:28', '2025-05-02 22:07:28'),
(26, 23, 7, 'Owner', '2025-05-02 23:50:00', '2025-05-02 23:50:00'),
(27, 24, 8, 'Owner', '2025-05-02 23:56:55', '2025-05-02 23:56:55'),
(35, 28, 9, 'Owner', '2025-05-30 15:25:46', '2025-05-30 15:25:46'),
(40, 32, 10, 'Owner', '2025-06-03 10:30:12', '2025-06-03 10:30:12'),
(42, 29, 11, 'Owner', '2025-06-03 12:58:24', '2025-06-03 12:58:24'),
(46, 34, 12, 'Owner', '2025-07-11 08:52:27', '2025-07-11 08:52:27'),
(47, 20, 12, 'Member', '2025-07-11 08:54:42', '2025-07-11 08:54:42'),
(48, 20, 13, 'Owner', '2025-07-14 08:23:14', '2025-07-14 08:23:14'),
(49, 25, 14, 'Owner', '2025-07-17 14:36:54', '2025-07-17 14:36:54'),
(53, 32, 6, 'Owner', '2025-07-17 15:33:00', '2025-07-17 16:37:46'),
(59, 32, 13, 'Member', '2025-07-17 16:54:13', '2025-07-17 16:54:26'),
(62, 20, 6, 'Member', '2025-07-21 08:19:29', '2025-07-21 08:19:52');

-- --------------------------------------------------------

--
-- Table structure for table `websockets_statistics_entries`
--

CREATE TABLE `websockets_statistics_entries` (
  `id` int(10) UNSIGNED NOT NULL,
  `app_id` varchar(255) NOT NULL,
  `peak_connection_count` int(11) NOT NULL,
  `websocket_message_count` int(11) NOT NULL,
  `api_message_count` int(11) NOT NULL,
  `created_at` timestamp NULL DEFAULT NULL,
  `updated_at` timestamp NULL DEFAULT NULL
) ENGINE=InnoDB DEFAULT CHARSET=utf8mb4 COLLATE=utf8mb4_unicode_ci;

--
-- Indexes for dumped tables
--

--
-- Indexes for table `boards`
--
ALTER TABLE `boards`
  ADD PRIMARY KEY (`id`),
  ADD KEY `boards_team_id_foreign` (`team_id`);

--
-- Indexes for table `board_labels`
--
ALTER TABLE `board_labels`
  ADD PRIMARY KEY (`id`);

--
-- Indexes for table `board_user`
--
ALTER TABLE `board_user`
  ADD PRIMARY KEY (`id`),
  ADD KEY `board_user_ibfk_1` (`board_id`),
  ADD KEY `board_user_ibfk_2` (`user_id`);

--
-- Indexes for table `cards`
--
ALTER TABLE `cards`
  ADD PRIMARY KEY (`id`),
  ADD KEY `cards_column_id_foreign` (`column_id`),
  ADD KEY `cards_previous_id_foreign` (`previous_id`),
  ADD KEY `cards_next_id_foreign` (`next_id`);

--
-- Indexes for table `card_comments`
--
ALTER TABLE `card_comments`
  ADD PRIMARY KEY (`id`),
  ADD KEY `card_id` (`card_id`);

--
-- Indexes for table `card_histories`
--
ALTER TABLE `card_histories`
  ADD PRIMARY KEY (`id`),
  ADD KEY `card_histories_card_id_foreign` (`card_id`),
  ADD KEY `card_histories_user_id_foreign` (`user_id`);

--
-- Indexes for table `card_user`
--
ALTER TABLE `card_user`
  ADD PRIMARY KEY (`id`),
  ADD KEY `card_user_user_id_foreign` (`user_id`),
  ADD KEY `card_user_card_id_foreign` (`card_id`);

--
-- Indexes for table `columns`
--
ALTER TABLE `columns`
  ADD PRIMARY KEY (`id`),
  ADD KEY `columns_board_id_foreign` (`board_id`),
  ADD KEY `columns_previous_id_foreign` (`previous_id`),
  ADD KEY `columns_next_id_foreign` (`next_id`);

--
-- Indexes for table `failed_jobs`
--
ALTER TABLE `failed_jobs`
  ADD PRIMARY KEY (`id`),
  ADD UNIQUE KEY `failed_jobs_uuid_unique` (`uuid`);

--
-- Indexes for table `lables`
--
ALTER TABLE `lables`
  ADD PRIMARY KEY (`id`),
  ADD KEY `lables_ibfk_1` (`card_id`);

--
-- Indexes for table `migrations`
--
ALTER TABLE `migrations`
  ADD PRIMARY KEY (`id`);

--
-- Indexes for table `notices`
--
ALTER TABLE `notices`
  ADD PRIMARY KEY (`id`);

--
-- Indexes for table `password_reset_tokens`
--
ALTER TABLE `password_reset_tokens`
  ADD PRIMARY KEY (`email`);

--
-- Indexes for table `personal_access_tokens`
--
ALTER TABLE `personal_access_tokens`
  ADD PRIMARY KEY (`id`),
  ADD UNIQUE KEY `personal_access_tokens_token_unique` (`token`),
  ADD KEY `personal_access_tokens_tokenable_type_tokenable_id_index` (`tokenable_type`,`tokenable_id`);

--
-- Indexes for table `teams`
--
ALTER TABLE `teams`
  ADD PRIMARY KEY (`id`);

--
-- Indexes for table `team_invitations`
--
ALTER TABLE `team_invitations`
  ADD PRIMARY KEY (`id`),
  ADD UNIQUE KEY `team_invitations_token_unique` (`token`),
  ADD KEY `team_invitations_team_id_foreign` (`team_id`);

--
-- Indexes for table `uploads`
--
ALTER TABLE `uploads`
  ADD PRIMARY KEY (`id`);

--
-- Indexes for table `users`
--
ALTER TABLE `users`
  ADD PRIMARY KEY (`id`),
  ADD UNIQUE KEY `users_email_unique` (`email`);

--
-- Indexes for table `user_team`
--
ALTER TABLE `user_team`
  ADD PRIMARY KEY (`id`),
  ADD UNIQUE KEY `user_team_user_id_team_id_unique` (`user_id`,`team_id`),
  ADD KEY `user_team_team_id_foreign` (`team_id`),
  ADD KEY `user_team_user_id_team_id_index` (`user_id`,`team_id`);

--
-- Indexes for table `websockets_statistics_entries`
--
ALTER TABLE `websockets_statistics_entries`
  ADD PRIMARY KEY (`id`);

--
-- AUTO_INCREMENT for dumped tables
--

--
-- AUTO_INCREMENT for table `boards`
--
ALTER TABLE `boards`
  MODIFY `id` bigint(20) UNSIGNED NOT NULL AUTO_INCREMENT, AUTO_INCREMENT=127;

--
-- AUTO_INCREMENT for table `board_labels`
--
ALTER TABLE `board_labels`
  MODIFY `id` int(11) NOT NULL AUTO_INCREMENT, AUTO_INCREMENT=631;

--
-- AUTO_INCREMENT for table `board_user`
--
ALTER TABLE `board_user`
  MODIFY `id` int(11) NOT NULL AUTO_INCREMENT, AUTO_INCREMENT=123;

--
-- AUTO_INCREMENT for table `cards`
--
ALTER TABLE `cards`
  MODIFY `id` bigint(20) UNSIGNED NOT NULL AUTO_INCREMENT, AUTO_INCREMENT=44;

--
-- AUTO_INCREMENT for table `card_comments`
--
ALTER TABLE `card_comments`
  MODIFY `id` int(11) NOT NULL AUTO_INCREMENT, AUTO_INCREMENT=46;

--
-- AUTO_INCREMENT for table `card_histories`
--
ALTER TABLE `card_histories`
  MODIFY `id` bigint(20) UNSIGNED NOT NULL AUTO_INCREMENT, AUTO_INCREMENT=139;

--
-- AUTO_INCREMENT for table `card_user`
--
ALTER TABLE `card_user`
  MODIFY `id` bigint(20) UNSIGNED NOT NULL AUTO_INCREMENT, AUTO_INCREMENT=118;

--
-- AUTO_INCREMENT for table `columns`
--
ALTER TABLE `columns`
  MODIFY `id` bigint(20) UNSIGNED NOT NULL AUTO_INCREMENT, AUTO_INCREMENT=36;

--
-- AUTO_INCREMENT for table `failed_jobs`
--
ALTER TABLE `failed_jobs`
  MODIFY `id` bigint(20) UNSIGNED NOT NULL AUTO_INCREMENT;

--
-- AUTO_INCREMENT for table `lables`
--
ALTER TABLE `lables`
  MODIFY `id` int(11) NOT NULL AUTO_INCREMENT, AUTO_INCREMENT=121;

--
-- AUTO_INCREMENT for table `migrations`
--
ALTER TABLE `migrations`
  MODIFY `id` int(10) UNSIGNED NOT NULL AUTO_INCREMENT, AUTO_INCREMENT=14;

--
-- AUTO_INCREMENT for table `notices`
--
ALTER TABLE `notices`
  MODIFY `id` int(11) NOT NULL AUTO_INCREMENT, AUTO_INCREMENT=107;

--
-- AUTO_INCREMENT for table `personal_access_tokens`
--
ALTER TABLE `personal_access_tokens`
  MODIFY `id` bigint(20) UNSIGNED NOT NULL AUTO_INCREMENT;

--
-- AUTO_INCREMENT for table `teams`
--
ALTER TABLE `teams`
  MODIFY `id` bigint(20) UNSIGNED NOT NULL AUTO_INCREMENT, AUTO_INCREMENT=15;

--
-- AUTO_INCREMENT for table `team_invitations`
--
ALTER TABLE `team_invitations`
  MODIFY `id` bigint(20) UNSIGNED NOT NULL AUTO_INCREMENT, AUTO_INCREMENT=3;

--
-- AUTO_INCREMENT for table `uploads`
--
ALTER TABLE `uploads`
  MODIFY `id` int(11) NOT NULL AUTO_INCREMENT, AUTO_INCREMENT=139;

--
-- AUTO_INCREMENT for table `users`
--
ALTER TABLE `users`
  MODIFY `id` bigint(20) UNSIGNED NOT NULL AUTO_INCREMENT, AUTO_INCREMENT=35;

--
-- AUTO_INCREMENT for table `user_team`
--
ALTER TABLE `user_team`
  MODIFY `id` bigint(20) UNSIGNED NOT NULL AUTO_INCREMENT, AUTO_INCREMENT=64;

--
-- AUTO_INCREMENT for table `websockets_statistics_entries`
--
ALTER TABLE `websockets_statistics_entries`
  MODIFY `id` int(10) UNSIGNED NOT NULL AUTO_INCREMENT;

--
-- Constraints for dumped tables
--

--
-- Constraints for table `boards`
--
ALTER TABLE `boards`
  ADD CONSTRAINT `boards_team_id_foreign` FOREIGN KEY (`team_id`) REFERENCES `teams` (`id`);

--
-- Constraints for table `board_user`
--
ALTER TABLE `board_user`
  ADD CONSTRAINT `board_user_ibfk_1` FOREIGN KEY (`board_id`) REFERENCES `boards` (`id`) ON DELETE CASCADE ON UPDATE CASCADE,
  ADD CONSTRAINT `board_user_ibfk_2` FOREIGN KEY (`user_id`) REFERENCES `users` (`id`) ON DELETE CASCADE ON UPDATE CASCADE;

--
-- Constraints for table `cards`
--
ALTER TABLE `cards`
  ADD CONSTRAINT `cards_column_id_foreign` FOREIGN KEY (`column_id`) REFERENCES `columns` (`id`) ON DELETE CASCADE,
  ADD CONSTRAINT `cards_next_id_foreign` FOREIGN KEY (`next_id`) REFERENCES `cards` (`id`) ON DELETE SET NULL,
  ADD CONSTRAINT `cards_previous_id_foreign` FOREIGN KEY (`previous_id`) REFERENCES `cards` (`id`) ON DELETE SET NULL;

--
-- Constraints for table `card_comments`
--
ALTER TABLE `card_comments`
  ADD CONSTRAINT `card_comments_ibfk_1` FOREIGN KEY (`card_id`) REFERENCES `cards` (`id`);

--
-- Constraints for table `card_histories`
--
ALTER TABLE `card_histories`
  ADD CONSTRAINT `card_histories_card_id_foreign` FOREIGN KEY (`card_id`) REFERENCES `cards` (`id`) ON DELETE CASCADE,
  ADD CONSTRAINT `card_histories_user_id_foreign` FOREIGN KEY (`user_id`) REFERENCES `users` (`id`);

--
-- Constraints for table `card_user`
--
ALTER TABLE `card_user`
  ADD CONSTRAINT `card_user_card_id_foreign` FOREIGN KEY (`card_id`) REFERENCES `cards` (`id`) ON DELETE CASCADE,
  ADD CONSTRAINT `card_user_user_id_foreign` FOREIGN KEY (`user_id`) REFERENCES `users` (`id`);

--
-- Constraints for table `columns`
--
ALTER TABLE `columns`
  ADD CONSTRAINT `columns_board_id_foreign` FOREIGN KEY (`board_id`) REFERENCES `boards` (`id`) ON DELETE CASCADE,
  ADD CONSTRAINT `columns_next_id_foreign` FOREIGN KEY (`next_id`) REFERENCES `columns` (`id`) ON DELETE SET NULL,
  ADD CONSTRAINT `columns_previous_id_foreign` FOREIGN KEY (`previous_id`) REFERENCES `columns` (`id`) ON DELETE SET NULL;

--
-- Constraints for table `lables`
--
ALTER TABLE `lables`
  ADD CONSTRAINT `lables_ibfk_1` FOREIGN KEY (`card_id`) REFERENCES `cards` (`id`) ON DELETE CASCADE ON UPDATE CASCADE;

--
-- Constraints for table `team_invitations`
--
ALTER TABLE `team_invitations`
  ADD CONSTRAINT `team_invitations_team_id_foreign` FOREIGN KEY (`team_id`) REFERENCES `teams` (`id`) ON DELETE CASCADE;

--
-- Constraints for table `user_team`
--
ALTER TABLE `user_team`
  ADD CONSTRAINT `user_team_team_id_foreign` FOREIGN KEY (`team_id`) REFERENCES `teams` (`id`),
  ADD CONSTRAINT `user_team_user_id_foreign` FOREIGN KEY (`user_id`) REFERENCES `users` (`id`);
COMMIT;

/*!40101 SET CHARACTER_SET_CLIENT=@OLD_CHARACTER_SET_CLIENT */;
/*!40101 SET CHARACTER_SET_RESULTS=@OLD_CHARACTER_SET_RESULTS */;
/*!40101 SET COLLATION_CONNECTION=@OLD_COLLATION_CONNECTION */;
